,Chrom.Sort,CHROM,POS,chrom.position,Consequence,Comments,SYMBOL,Type,Family,ReferenceAllele,AlternateAllele,Sum,Ugan_freq,Phil_freq,Bakiga1,Bakiga2,Bakiga3,Bakiga4,Bakiga5,Bakiga6,Bakiga7,Bakiga8,Bakiga9,Bakiga10,Bakiga11,Bakiga12,Bakiga13,Bakiga14,Bakiga15,Bakiga16,Bakiga17,Bakiga18,Bakiga19,Bakiga20,Bakiga21,Bakiga22,Bakiga23,Bakiga24,Bakiga25,Bakiga26,Batwa1,Batwa2,Batwa3,Batwa4,Batwa5,Batwa6,Batwa7,Batwa8,Batwa9,Batwa10,Batwa11,Batwa12,Batwa13,Batwa14,Batwa15,Batwa16,Batwa17,Batwa18,Batwa19,Batwa20,Batwa21,Batwa22,Batwa23,Basua1,Basua2,Basua3,Basua4,Basua5,Basua6,Basua7,Basua8,Basua9,Basua10,Basua11,Basua12,Basua13,Basua14,Basua15,Basua16,Basua17,Basua18,Basua19,Basua20,Basua21,Manobo1,Manobo2,Manobo3,Manobo4,Manobo5,Manobo6,Manobo7,Manobo8,Manobo9,Manobo10,Manobo11,Manobo12,Manobo13,Manobo14,Manobo15,Manobo16,Manobo17,Manobo18,Manobo19,Manobo20,Manobo21,Manobo22,Manobo23,Manobo24,Agta1,Agta2,Agta3,Agta4,Agta5,Agta6,Agta7,Agta8,Agta9,Agta10,Agta11,Agta12,Agta13,Agta14,Agta15,Agta16,Agta17,Agta18,Agta19,Agta20,Agta21,Manan1,Manan2,Manan3,Manan4,Manan5,Manan6,Manan7,Manan8,Manan9,Manan10,Manan11,Manan12,Manan13,Manan14,Manan15,Manan16,Manan17,Manan18
186,11,chr11,56113516,chr11:56113516,start_lost,LOF,OR8K1,SNP,OR,T,C,222,0.742857143,0.936507937,1,2,1,2,1,1,2,1,1,1,1,2,2,2,2,1,1,1,0,1,1,2,1,1,1,1,2,2,1,1,0,2,NA,2,2,2,2,2,2,2,2,2,2,1,2,1,1,2,2,2,2,2,0,1,2,NA,2,2,2,2,2,1,2,2,2,2,1,2,1,2,1,2,2,2,2,2,2,2,1,2,1,2,2,2,2,1,2,2,2,2,1,2,2,2,2,2,1,2,2,2,2,2,2,2,2,2,2,2,2,2,2,1,2,2,2,2,2,2,2,2,1,2,2,2,2,2,2,2,2,2,2,2,2
169,9,chr9,36003306,chr9:36003306,stop_lost,RESCUE,OR13C7P,SNP,OR,A,T,203,0.664285714,0.873015873,2,1,2,2,1,1,1,2,1,2,1,2,1,1,2,1,1,2,2,2,2,2,2,1,NA,1,0,1,2,2,1,1,1,1,2,2,NA,1,2,2,1,2,0,2,1,0,1,0,2,1,1,2,NA,2,2,2,1,2,1,2,1,2,0,2,2,0,2,1,1,1,2,2,2,2,1,2,2,2,2,2,2,1,2,2,1,2,0,2,1,2,2,2,2,2,1,2,2,2,2,2,2,2,2,2,1,2,2,2,2,2,2,2,2,2,1,2,2,2,1,2,1,2,2,1,2,2,0,1,2,2,2,2,1
162,3,chr3,98031433,chr3:98031433,frameshift,frameshift,OR5H8P,indel,OR,TA,T,229,0.857142857,0.865079365,2,NA,2,2,2,2,2,2,2,2,2,2,2,2,NA,2,2,2,2,2,2,2,2,2,2,2,2,2,2,1,2,2,NA,NA,2,2,NA,NA,NA,2,2,2,NA,2,2,NA,2,2,2,2,2,2,2,2,2,2,1,2,2,2,2,2,2,2,2,2,2,2,2,2,2,2,2,NA,2,2,2,2,2,NA,2,2,2,2,2,2,2,2,2,2,2,2,2,2,2,2,2,1,2,2,NA,2,2,2,2,2,2,2,2,2,2,2,2,2,2,2,2,1,2,1,NA,2,2,2,NA,2,NA,2,2,NA,2,2,2
216,11,chr11,5444136,chr11:5444136,stop_gained,LOF,OR51Q1,SNP,OR,C,T,167,0.421428571,0.857142857,1,1,0,0,0,1,1,1,1,0,1,0,0,1,0,1,1,0,2,1,1,0,0,1,NA,1,0,1,1,1,1,2,0,1,1,1,1,1,2,1,1,0,1,0,0,2,2,1,1,1,2,0,1,1,1,2,0,1,2,1,1,0,1,1,1,1,1,1,0,2,2,2,2,2,2,1,1,2,0,1,2,1,2,2,2,1,1,1,2,0,2,2,2,1,2,1,2,2,2,1,1,1,2,2,2,2,2,2,2,2,2,2,2,2,2,1,1,2,2,2,2,2,2,2,2,2,2,2,2,2,2,2,2
163,9,chr9,36003428,chr9:36003428,frameshift,frameshift,OR13C7P,indel,OR,CTT,C,198,0.65,0.849206349,2,1,2,2,1,1,1,2,1,2,1,2,1,1,2,1,1,2,2,2,2,2,2,1,1,1,NA,1,2,2,NA,1,1,1,2,2,NA,1,2,2,1,2,0,2,1,0,1,0,NA,1,1,2,NA,2,2,2,1,2,1,2,1,2,0,2,2,0,2,1,1,1,2,2,2,2,1,2,2,2,2,2,2,1,2,2,1,2,0,2,1,2,2,2,2,2,1,2,2,2,2,NA,2,NA,2,2,1,2,2,2,2,2,2,2,2,2,1,2,2,2,1,2,1,2,2,1,2,2,1,1,2,2,2,2,1
172,11,chr11,4825225,chr11:4825225,stop_gained,RESCUE,OR52R1,SNP,OR,A,G,140,0.278571429,0.801587302,1,NA,0,0,1,1,1,0,0,1,2,0,2,0,1,2,2,0,1,0,2,0,1,1,1,1,1,0,0,1,0,0,1,0,0,0,NA,0,0,0,0,1,1,1,1,0,NA,0,NA,NA,0,0,1,1,1,NA,1,0,0,0,1,1,0,1,1,0,0,1,2,0,2,2,NA,NA,2,2,2,NA,2,2,2,2,2,2,2,NA,2,2,2,2,2,2,2,2,2,2,2,2,1,NA,2,NA,1,1,1,1,2,2,2,2,2,2,2,2,1,2,2,NA,NA,2,NA,2,2,2,2,2,1,2,2,2,2,2,2
198,1,chr1,248113026,chr1:248113026,stop_gained,LOF,OR2L8,SNP,OR,T,A,130,0.242857143,0.761904762,1,1,1,1,0,0,0,2,1,0,0,0,2,1,1,0,1,0,1,2,1,1,1,1,NA,2,NA,0,0,1,0,0,0,0,0,2,NA,1,0,1,1,1,0,0,1,1,0,1,1,NA,1,0,NA,0,0,NA,0,1,0,0,0,0,0,0,0,0,0,0,0,0,1,2,2,2,2,2,2,NA,2,2,2,2,1,2,2,1,2,2,2,2,1,2,2,2,0,2,1,1,1,2,NA,1,0,2,0,2,2,2,1,2,0,1,1,2,1,1,2,1,2,2,2,2,2,2,1,2,2,2,1,2,1,1,2
138,14,chr14,20528448,chr14:20528448,frameshift,LOF,OR4L1,indel,OR,TCATAGATTTGCTCACTGAC,T,166,0.521428571,0.738095238,2,2,1,1,1,1,1,2,0,1,0,1,2,1,2,1,2,0,2,0,1,1,1,2,0,0,1,0,2,2,2,2,0,2,1,0,0,2,1,1,1,1,2,1,0,0,0,0,1,1,0,1,0,2,2,2,2,0,1,1,1,2,1,2,1,1,2,0,1,0,1,1,2,1,2,1,1,2,1,1,2,1,0,1,1,1,1,2,1,1,2,0,1,1,2,2,2,1,1,2,1,2,2,1,2,2,1,2,1,2,2,2,2,2,2,1,1,1,2,2,1,2,2,2,2,0,2,2,1,2,2,2,2
243,11,chr11,56431216,chr11:56431216,stop_gained,LOF,OR5AR1,SNP,OR,C,T,115,0.157142857,0.738095238,1,1,1,0,0,0,1,0,0,1,0,0,0,1,1,1,1,0,1,0,1,0,0,1,1,1,NA,0,0,0,0,0,1,0,0,0,NA,0,1,1,0,0,2,0,0,1,0,0,NA,1,0,0,0,0,0,NA,NA,NA,1,0,0,0,0,0,NA,0,0,0,0,0,1,1,0,0,1,2,0,2,1,1,2,1,2,1,2,1,0,2,1,1,2,1,1,1,2,2,1,2,1,1,1,2,2,2,2,2,1,2,2,2,2,2,2,1,2,2,2,1,2,2,2,0,1,1,2,2,2,2,2,2,2,2,1
41,9,chr9,107367664,chr9:107367664,frameshift,LOF,OR13C2,indel,OR,AGC,A,155,0.521428571,0.650793651,2,1,1,2,2,2,1,1,2,2,1,1,1,2,2,0,1,2,1,1,2,2,0,2,1,2,NA,1,2,2,1,NA,0,1,0,1,2,0,0,1,1,0,0,1,1,1,0,0,0,0,1,2,1,1,2,2,1,1,1,1,1,1,0,1,1,1,0,1,NA,2,1,1,2,2,0,1,1,2,1,1,2,1,0,1,1,2,1,2,1,0,1,2,1,1,1,2,2,2,2,1,1,1,1,1,2,1,2,1,2,2,2,2,2,1,2,1,2,1,2,1,1,2,1,2,2,2,1,0,1,2,0,0,0
40,9,chr9,107367392,chr9:107367392,frameshift,LOF,OR13C2,indel,OR,TGTTA,T,118,0.257142857,0.650793651,1,1,1,2,2,1,0,1,1,2,1,0,0,0,2,0,1,1,0,0,1,0,0,0,0,2,NA,0,0,1,1,0,0,1,0,0,1,0,0,0,0,0,0,0,0,1,0,0,0,0,1,1,0,0,1,1,1,1,0,0,0,1,0,0,1,0,0,0,1,2,1,1,2,2,0,1,1,2,1,1,2,1,0,1,1,2,1,2,1,0,1,2,1,1,1,2,2,2,2,1,1,1,1,1,2,1,2,1,2,2,2,2,2,1,2,1,2,1,2,1,1,2,1,2,2,2,1,0,1,2,0,0,0
37,9,chr9,107360768,chr9:107360768,frameshift,LOF,OR13C5,indel,OR,GT,G,162,0.585714286,0.634920635,2,1,1,2,2,2,1,1,2,2,1,1,1,2,2,1,1,2,1,1,2,2,0,2,1,2,NA,1,2,2,1,2,1,1,1,1,2,1,1,1,1,0,1,1,1,1,0,0,0,0,1,2,NA,1,2,2,1,1,1,1,1,1,0,1,1,1,0,1,2,2,1,1,NA,2,0,1,1,2,1,1,2,1,0,1,1,2,1,2,1,0,1,2,1,1,1,2,2,2,2,1,1,1,1,1,2,1,2,1,2,2,2,2,2,1,2,1,2,1,2,1,1,2,1,2,2,2,1,0,1,2,0,0,0
204,3,chr3,98031307,chr3:98031307,stop_gained,LOF,OR5H8P,SNP,OR,T,A,168,0.671428571,0.587301587,1,2,1,1,1,1,1,2,1,1,1,0,2,0,0,0,1,2,2,2,1,2,2,2,0,1,2,2,2,1,1,2,2,1,1,1,1,1,1,1,1,0,2,2,2,1,2,1,1,2,1,1,1,2,2,2,2,1,1,2,2,1,1,2,2,2,2,1,1,2,2,2,1,1,1,2,1,1,1,1,2,1,1,1,1,2,1,0,2,2,1,0,1,1,1,2,1,1,2,2,1,1,1,1,2,1,2,1,2,2,1,0,2,1,1,2,0,1,1,2,2,1,1,0,0,1,1,2,1,0,1,1,0
141,14,chr14,20666175,chr14:20666175,frameshift,LOF,OR11G2,indel,OR,C,CA,145,0.507142857,0.587301587,1,0,2,1,1,1,1,1,2,2,2,0,2,2,0,1,1,2,1,1,0,1,1,2,NA,1,1,2,0,1,1,0,2,1,1,1,1,1,1,2,2,1,2,0,1,2,0,2,0,0,1,0,1,1,1,0,0,2,2,0,0,1,2,1,1,1,0,1,1,1,1,1,2,0,0,1,1,1,2,2,1,1,0,1,1,2,1,2,1,1,1,1,2,1,2,0,1,0,1,1,2,1,2,2,2,1,2,2,1,1,2,0,1,1,2,1,1,1,1,1,1,1,1,1,1,2,1,2,1,0,2,2,0
121,12,chr12,11244070,chr12:11244070,frameshift,LOF,TAS2R43,indel.m,TAS2,TCC,"T,CCC",111,0.264285714,0.587301587,0,1,1,1,2,1,0,1,0,1,0,2,1,1,1,0,1,0,0,0,2,0,0,1,NA,1,NA,1,0,2,0,0,0,1,0,1,0,1,0,1,1,1,0,1,0,1,NA,1,0,1,0,1,0,0,2,1,0,0,0,0,1,0,0,0,0,1,0,0,NA,0,1,1,NA,1,1,2,1,2,NA,0,2,1,1,1,1,1,1,2,1,1,1,1,2,1,1,2,2,2,1,1,1,1,1,2,1,1,1,1,1,2,1,1,1,2,1,1,2,1,2,2,1,1,1,2,1,1,1,NA,1,1,1,1,1
120,12,chr12,11244067,chr12:11244067,frameshift,LOF,TAS2R43,indel,TAS2,A,ATT,102,0.242857143,0.53968254,0,1,1,1,NA,1,0,1,0,1,0,2,1,1,1,0,1,0,0,0,2,0,0,1,NA,1,0,1,0,2,0,0,0,1,0,1,0,1,0,1,1,1,0,1,0,1,NA,1,0,1,0,1,0,0,1,1,0,0,0,0,1,0,0,0,0,1,0,0,0,0,1,1,NA,1,1,2,1,2,NA,0,2,1,1,1,1,1,1,2,1,1,1,1,1,1,1,2,1,1,1,1,1,1,1,1,1,1,1,1,1,1,1,1,1,1,1,1,1,1,2,2,1,1,1,1,1,1,1,2,1,1,1,1,1
276,11,chr11,124121199,chr11:124121199,stop_lost,LOF,OR8G1,SNP,OR,G,C,113,0.342857143,0.515873016,2,1,1,0,1,1,0,1,0,1,2,1,1,2,1,1,1,0,1,1,0,2,1,0,NA,1,1,1,0,0,0,1,0,0,1,0,0,1,1,0,0,1,0,0,0,0,0,1,1,1,1,1,1,1,0,2,0,1,1,0,0,1,2,1,0,0,0,0,1,2,2,1,2,2,1,1,0,1,1,0,1,1,1,0,2,1,2,2,1,1,2,1,2,1,1,0,1,0,0,NA,2,0,0,0,1,1,1,2,0,0,0,0,1,0,1,2,2,1,0,2,0,1,1,2,2,1,1,1,2,2,2,2,1
192,1,chr1,158549492,chr1:158549492,stop_gained,LOF,OR10X1,SNP,OR,C,T,142,0.564285714,0.5,1,1,1,2,0,1,0,0,2,2,1,1,1,1,1,1,1,2,2,1,0,2,0,0,NA,1,NA,1,2,2,0,2,2,1,1,1,2,2,2,2,0,1,1,1,1,2,2,2,1,1,1,1,1,2,1,1,0,1,1,2,0,2,1,1,2,0,2,0,1,2,1,2,1,0,1,2,0,0,0,2,1,1,1,0,1,1,2,1,2,0,2,1,1,0,2,1,0,0,1,1,0,0,0,0,0,1,1,1,0,2,2,1,1,1,2,2,2,2,1,2,1,1,2,2,1,2,1,2,0,1,0,0,1
217,11,chr11,5462702,chr11:5462702,stop_gained,LOF,OR51I1,SNP,OR,G,A,64,0.007142857,0.5,0,NA,0,0,0,0,0,0,0,0,0,0,0,0,1,0,0,0,0,0,0,0,0,0,NA,0,NA,NA,0,NA,NA,0,NA,0,0,0,NA,NA,0,0,0,0,0,0,0,0,NA,0,NA,NA,0,0,NA,0,0,NA,0,0,0,0,0,0,0,0,0,0,0,0,0,0,2,1,1,1,1,1,0,2,0,NA,1,1,2,2,2,0,1,1,1,1,2,2,2,0,1,0,0,1,1,1,1,1,1,0,2,1,0,2,1,0,0,0,1,1,2,1,1,NA,0,0,NA,2,2,2,NA,2,1,2,1,1,1,1,2
182,14,chr14,22133648,chr14:22133648,stop_gained,RESCUE,OR4E2,SNP,OR,G,A,70,0.1,0.444444444,0,0,0,0,0,0,0,0,1,0,1,1,0,1,0,0,0,0,1,1,0,0,0,0,NA,0,0,0,1,1,0,0,1,1,1,0,0,0,0,0,1,0,0,0,0,1,0,1,0,0,0,0,0,0,0,0,0,0,0,0,0,0,0,0,0,0,0,0,0,0,1,1,1,1,2,2,1,0,0,1,1,1,1,1,1,1,1,2,1,1,1,1,1,0,0,2,1,2,2,0,1,1,2,1,1,1,0,0,2,1,1,0,2,1,0,1,1,0,1,1,0,1,1,0,0,1,0,1,0,1,1,1,0
238,11,chr11,55406022,chr11:55406022,stop_gained,LOF,OR4P4,SNP,OR,C,G,63,0.05,0.444444444,1,0,0,0,0,0,0,0,1,1,1,0,0,0,0,0,1,0,0,0,0,0,0,0,0,0,0,0,0,0,0,0,0,0,0,0,0,0,0,0,0,0,0,0,0,0,0,0,0,0,0,0,0,0,0,0,0,0,0,1,0,0,0,0,0,0,0,0,0,1,0,1,2,0,0,2,0,1,0,0,1,0,2,1,NA,0,0,2,0,0,0,0,0,0,2,NA,0,2,1,0,1,2,2,2,2,2,0,2,2,2,2,1,NA,0,2,NA,2,1,NA,NA,0,0,0,1,2,2,NA,NA,2,2,2,2,1
173,11,chr11,5345170,chr11:5345170,stop_gained,RESCUE,OR51B2,SNP,OR,A,G,70,0.114285714,0.428571429,0,1,0,0,0,1,0,0,1,0,0,0,0,0,0,1,0,0,0,0,0,0,1,0,NA,2,1,0,0,0,0,0,0,1,0,0,0,0,2,1,0,0,0,0,0,0,0,0,0,0,0,0,1,0,0,1,0,0,0,0,1,0,0,0,0,0,0,1,0,0,1,1,2,0,1,0,1,1,0,0,1,0,1,0,1,0,0,1,2,0,1,0,2,0,1,1,0,1,1,0,1,1,1,2,2,1,0,2,2,1,1,1,1,1,2,0,1,1,1,1,1,1,2,1,0,1,0,1,0,1,1,1,1
214,9,chr9,125391241,chr9:125391241,stop_gained,LOF,OR1B1,SNP,OR,G,A,66,0.085714286,0.428571429,1,0,0,0,0,0,0,0,1,0,0,0,0,0,0,0,0,0,0,0,0,0,0,0,NA,0,0,0,0,0,0,0,NA,0,0,0,NA,0,0,0,0,0,0,0,0,1,0,0,NA,0,0,0,2,0,1,0,1,0,1,0,0,0,1,0,0,1,0,0,1,1,0,0,2,0,0,2,0,1,1,0,1,1,1,0,0,2,1,0,1,1,1,2,1,0,2,0,1,1,0,2,2,1,0,1,1,0,1,2,1,0,1,0,1,1,2,1,1,1,2,1,NA,1,1,1,2,2,0,1,0,1,0,0,1
248,11,chr11,124056732,chr11:124056732,stop_gained,LOF,OR10D3,SNP,OR,T,G,107,0.428571429,0.373015873,0,2,0,0,0,2,2,1,1,2,2,1,0,2,1,1,1,0,1,1,0,1,1,0,NA,1,NA,2,0,1,1,2,NA,0,1,0,0,2,1,0,0,1,1,1,0,0,NA,0,1,NA,1,2,NA,1,1,2,1,2,2,0,2,1,1,1,1,0,0,1,2,2,1,0,1,0,1,1,0,NA,1,0,0,0,0,0,0,0,2,0,0,1,2,1,1,1,1,0,0,2,0,0,1,1,1,0,1,0,0,0,1,1,1,1,0,0,1,2,2,1,0,2,0,0,0,2,1,1,2,1,2,1,2,2,1
49,9,chr9,125391770,chr9:125391770,frameshift,LOF,OR1B1,indel,OR,C,CA,95,0.35,0.365079365,0,1,1,1,1,2,0,1,1,1,1,2,1,0,1,2,1,2,1,0,1,0,1,0,1,0,0,0,0,0,1,0,NA,1,1,0,0,2,0,1,1,1,1,0,1,0,NA,0,0,1,1,0,NA,1,0,2,1,0,0,0,1,0,1,2,1,1,1,2,1,0,2,2,0,1,2,0,2,1,0,2,1,1,1,1,2,0,1,2,1,1,1,0,0,1,0,1,0,0,1,NA,0,0,0,1,1,0,0,0,0,1,0,0,0,0,0,1,1,1,0,1,NA,1,1,1,0,0,1,1,1,1,2,2,1
218,11,chr11,5776484,chr11:5776484,stop_gained,LOF,OR52N4,SNP,OR,A,T,60,0.1,0.365079365,0,0,0,0,0,1,1,2,0,0,0,0,1,0,1,0,0,0,0,0,0,1,0,1,1,1,0,0,0,0,0,0,0,0,0,0,0,0,0,0,0,1,0,1,0,0,0,0,0,0,0,0,0,0,0,0,0,0,0,0,0,0,1,0,0,1,0,0,0,0,0,1,0,0,1,0,0,1,1,1,1,0,0,0,0,1,0,1,1,0,1,0,1,0,0,0,1,0,0,0,0,1,2,1,1,2,1,2,2,1,2,2,1,0,1,0,1,1,0,1,0,1,2,1,1,0,0,0,1,1,2,2,1
11,1,chr1,248525638,chr1:248525638,frameshift,LOF,OR2T4,indel,OR,CA,C,81,0.264285714,0.349206349,0,1,2,0,1,0,0,0,2,0,1,1,1,1,1,0,1,1,1,1,2,1,1,1,1,2,0,0,0,0,0,0,0,0,0,0,NA,0,0,0,0,0,1,0,0,0,NA,0,NA,2,0,0,NA,1,0,0,1,0,2,1,0,1,2,0,0,2,1,0,0,0,1,0,0,0,0,2,1,0,0,0,0,0,1,1,1,0,0,1,0,0,1,0,0,2,1,1,0,0,1,0,1,2,1,1,1,0,1,1,1,2,0,0,0,2,0,0,0,1,2,1,NA,2,1,0,1,1,2,2,1,1,1,1,0
53,11,chr11,4389404,chr11:4389404,frameshift,LOF,OR52B4,indel,OR,AG,A,62,0.142857143,0.333333333,1,0,0,0,0,1,0,0,0,0,1,0,0,1,0,0,0,0,0,0,0,0,0,1,NA,0,0,0,0,0,0,0,NA,1,0,1,1,0,1,0,1,0,1,0,0,0,0,0,1,0,1,0,0,1,0,0,0,1,0,0,0,1,1,1,1,0,0,0,1,0,0,0,1,1,0,0,0,0,0,1,0,1,0,0,0,0,1,0,0,1,1,2,1,0,0,0,1,0,1,1,0,1,1,1,1,1,1,1,2,1,2,2,0,0,1,1,0,2,1,0,1,1,1,2,1,0,0,1,0,2,0,0,1
251,12,chr12,11183035,chr12:11183035,stop_gained,LOF,TAS2R31,SNP,TAS2,C,T,72,0.228571429,0.317460317,0,1,1,1,1,1,0,1,0,1,0,1,1,0,1,0,1,0,0,0,1,0,0,1,1,1,0,0,0,1,0,0,0,0,0,0,0,1,0,1,1,1,0,1,0,1,1,1,1,1,0,1,0,0,1,1,0,0,0,0,1,0,0,0,0,1,0,0,1,0,0,1,1,0,1,1,1,1,1,0,1,0,0,0,0,0,1,1,1,1,0,1,1,1,0,1,1,1,1,1,1,1,1,1,0,1,1,0,0,1,0,0,1,1,0,1,1,0,1,1,0,1,0,1,1,0,0,1,0,0,1,1,1
153,19,chr19,9236698,chr19:9236698,frameshift,LOF,OR7G3,indel,OR,G,GATGGT,124,0.607142857,0.30952381,2,1,0,2,2,1,1,2,2,2,2,2,2,1,2,1,1,1,1,2,1,2,2,1,NA,1,2,2,1,0,2,0,1,1,0,1,0,1,0,1,1,1,0,1,1,2,NA,2,1,1,1,1,2,2,1,2,1,2,1,0,1,2,2,2,1,1,1,1,1,1,0,0,NA,1,0,1,1,NA,1,2,0,0,2,1,1,1,0,2,0,1,1,1,2,2,0,0,1,2,1,2,1,0,0,1,1,1,1,1,1,0,1,0,0,1,1,0,0,1,0,0,1,0,0,0,0,0,1,0,0,0,0,0,0
10,1,chr1,248525328,chr1:248525328,frameshift,LOF,OR2T4,indel,OR,C,CTA,90,0.364285714,0.30952381,1,1,0,0,0,1,1,1,0,2,1,0,0,0,1,2,1,0,0,0,0,1,0,1,NA,0,2,1,1,2,NA,NA,NA,1,1,0,0,1,0,2,1,1,0,2,2,1,NA,1,NA,0,2,1,NA,1,2,2,NA,1,0,1,2,0,0,1,1,0,1,2,1,NA,0,1,NA,2,2,0,1,1,0,1,1,1,1,1,1,2,1,0,2,1,0,2,1,0,1,1,NA,0,1,NA,1,0,0,1,1,2,0,1,1,0,0,1,1,0,2,0,2,1,0,0,NA,0,0,0,0,0,0,0,0,NA,0,0,0
236,11,chr11,55339652,chr11:55339652,stop_gained,LOF,OR4C16,SNP,OR,C,T,42,0.028571429,0.301587302,0,NA,1,1,0,0,0,0,0,0,0,0,0,1,0,0,0,0,0,0,0,0,0,0,NA,0,NA,0,0,0,0,0,0,0,0,0,0,0,0,0,0,0,0,0,0,0,0,0,0,0,0,0,NA,0,0,0,0,0,0,0,0,0,0,0,0,0,0,0,1,0,0,0,NA,0,1,1,0,1,0,1,0,1,1,0,2,0,0,0,1,1,1,1,1,1,0,2,0,1,0,0,0,1,0,0,0,0,1,0,0,1,1,0,2,1,0,2,1,0,2,2,NA,0,1,0,0,1,2,2,0,1,0,0,0
127,12,chr12,55714406,chr12:55714406,frameshift,LOF,OR6C1,indel,OR,C,CA,41,0.035714286,0.285714286,0,0,1,0,0,0,0,0,0,0,0,0,0,0,0,0,0,0,0,0,0,0,0,1,0,0,0,0,0,0,0,0,0,0,0,0,0,0,0,0,0,0,0,1,0,0,NA,0,0,0,0,0,0,0,0,0,0,0,0,0,0,0,0,0,0,1,0,0,0,1,1,1,NA,0,0,1,0,1,1,1,1,0,1,1,1,1,0,0,0,0,0,0,0,0,0,1,1,0,2,1,1,2,0,1,0,0,0,0,1,2,0,2,1,2,0,1,0,0,0,0,1,0,0,2,1,1,1,0,1,0,0,0,0
231,11,chr11,48286231,chr11:48286231,stop_gained,LOF,OR4X1,SNP,OR,T,A,80,0.321428571,0.277777778,1,2,0,1,1,1,0,1,1,1,1,2,1,2,0,0,0,1,2,2,2,0,0,2,0,1,1,1,0,0,0,1,0,0,1,0,0,1,0,1,0,0,0,0,0,1,0,0,0,1,1,0,2,1,0,2,0,0,1,1,0,1,1,0,0,0,1,0,0,1,0,2,1,2,0,1,0,1,0,1,0,1,0,0,0,1,1,0,1,1,0,1,0,1,0,1,1,0,1,0,1,2,1,1,0,2,1,2,0,1,2,1,0,1,0,0,0,0,1,0,1,0,0,0,0,0,0,0,0,0,0,0,0
179,11,chr11,56185345,chr11:56185345,stop_gained,RESCUE,OR5R1,SNP,OR,A,G,80,0.342857143,0.253968254,0,0,0,1,1,0,0,0,0,0,0,1,0,0,1,0,0,0,0,1,1,1,0,0,1,0,2,2,0,0,0,2,1,2,2,1,0,0,1,1,1,1,0,1,0,0,1,2,1,1,0,1,0,1,0,1,1,2,1,0,1,1,2,1,1,2,0,2,1,0,1,1,1,2,1,0,2,0,1,1,0,1,0,1,0,1,2,0,1,1,0,1,1,1,0,0,1,0,1,1,1,0,0,0,0,0,1,0,0,0,0,0,0,1,0,0,0,1,0,0,0,2,1,1,0,0,0,0,0,0,0,0,1
253,12,chr12,11214145,chr12:11214145,stop_gained,LOF,TAS2R46,SNP,TAS2,C,T,56,0.171428571,0.253968254,0,1,0,1,1,1,0,1,0,0,0,1,0,0,1,0,1,0,0,0,1,0,0,1,NA,1,0,0,0,1,0,0,0,0,0,0,0,1,0,1,0,1,0,1,0,1,1,0,1,1,0,1,0,0,1,0,0,0,0,0,0,0,0,0,0,1,0,0,1,0,0,1,1,0,1,1,1,1,1,0,1,0,0,0,0,0,1,1,1,1,0,1,1,0,0,1,1,0,1,1,1,1,1,1,0,1,0,0,0,0,0,0,0,0,0,1,1,0,1,1,0,0,0,0,1,0,0,1,0,0,1,1,1
28,3,chr3,98073591,chr3:98073591,frameshift,LOF,OR5K4,indel,OR,TA,T,51,0.135714286,0.253968254,1,0,0,1,1,1,1,0,0,2,0,1,0,0,0,0,1,0,1,0,0,0,0,0,1,1,0,0,0,0,0,0,0,0,0,0,1,1,0,0,0,0,0,0,0,0,0,0,0,1,0,0,0,0,0,1,0,0,0,0,0,0,1,0,0,1,0,1,0,0,0,0,1,1,1,0,1,1,0,1,0,1,0,1,1,0,1,1,0,0,1,1,1,1,0,0,0,0,0,0,0,0,0,0,0,0,0,1,0,0,0,1,0,0,0,0,2,1,1,0,0,1,1,2,2,0,0,0,1,1,1,1,1
7,1,chr1,248458875,chr1:248458875,frameshift,LOF,OR2T12,indel,OR,CT,C,35,0.021428571,0.253968254,0,0,0,0,0,0,0,0,0,0,0,0,0,0,0,0,0,0,0,0,0,0,0,0,NA,0,0,0,1,0,0,0,0,1,0,0,0,1,0,0,0,0,0,0,0,0,0,0,0,0,0,0,0,0,0,NA,0,0,0,0,0,0,0,0,0,0,0,0,0,0,0,1,1,0,1,0,1,1,0,1,1,1,1,1,0,NA,0,0,2,1,0,2,1,0,1,1,1,0,1,NA,0,0,0,1,1,NA,0,0,1,0,0,1,1,0,1,0,2,1,0,0,NA,0,0,0,NA,0,1,0,0,0,1,1,0
171,3,chr3,97983561,chr3:97983561,stop_gained,RESCUE,OR5H6,SNP,OR,G,C,44,0.092857143,0.246031746,1,0,0,1,0,1,0,0,0,0,0,0,0,0,1,1,0,0,0,0,1,0,0,2,0,0,0,0,0,0,0,0,0,0,0,0,0,0,0,0,0,0,1,0,0,0,0,0,0,0,0,0,1,0,1,0,0,0,0,0,0,0,1,0,0,0,0,0,0,1,0,0,0,0,0,0,0,1,0,1,1,0,1,0,1,0,0,1,1,0,0,1,0,1,2,0,1,1,0,0,1,1,2,1,0,1,0,0,0,0,1,1,0,1,2,1,0,0,0,0,0,1,0,0,0,0,2,0,1,1,0,0,1
29,3,chr3,98110406,chr3:98110406,frameshift,LOF,OR5K3,indel,OR,G,GA,42,0.085714286,0.238095238,1,0,0,1,0,1,0,0,0,1,0,1,0,0,0,0,0,0,1,0,0,0,0,0,1,0,NA,0,0,0,0,0,0,0,0,0,1,1,0,0,0,0,0,0,0,0,0,0,0,0,0,0,0,0,0,0,1,0,0,0,0,0,0,0,0,0,0,1,1,0,0,0,1,1,1,0,1,1,0,1,0,1,0,1,1,0,1,0,0,0,1,1,1,1,0,0,0,0,0,0,0,0,0,0,0,0,0,1,0,0,0,1,0,0,0,0,1,1,1,0,NA,1,1,2,2,0,0,0,1,1,1,1,1
8,1,chr1,248512939,chr1:248512939,frameshift,LOF,OR14C36,indel,OR,AC,A,23,0,0.182539683,0,0,0,0,0,0,0,0,0,0,0,0,0,0,0,0,0,0,0,0,0,0,0,0,0,0,0,0,0,0,0,0,0,0,0,0,NA,0,0,0,0,0,0,0,0,0,0,0,0,0,0,0,0,0,0,0,0,0,0,0,0,0,0,0,0,0,0,0,0,0,0,1,NA,1,1,0,0,1,0,1,1,1,0,1,0,1,0,0,2,1,0,2,1,0,0,1,0,0,0,0,0,0,0,0,0,1,0,0,0,0,0,0,0,0,0,0,2,0,0,0,1,0,0,0,0,0,1,0,0,0,1,1,0
175,11,chr11,6007743,chr11:6007743,stop_gained,RESCUE,OR52L1,SNP,OR,A,G,61,0.278571429,0.174603175,1,0,2,1,1,2,1,0,0,0,1,1,0,0,0,0,0,1,0,2,0,0,1,1,NA,0,1,0,1,0,0,0,1,0,0,1,1,0,0,0,1,0,0,0,0,1,0,0,0,1,1,0,1,2,1,2,0,0,1,1,0,1,0,2,1,0,1,0,1,1,0,0,0,0,0,2,1,0,0,0,1,0,0,0,0,0,0,0,0,0,0,0,0,1,1,2,1,0,1,0,1,1,0,0,1,0,1,0,0,0,0,0,1,0,1,0,0,0,0,1,0,1,0,0,1,0,1,2,0,0,0,0,0
200,1,chr1,248651959,chr1:248651959,stop_gained,LOF,OR2T5,SNP,OR,C,T,32,0.071428571,0.174603175,1,0,0,0,NA,0,NA,NA,0,0,0,0,1,0,1,0,0,1,0,0,0,0,0,1,NA,0,NA,0,0,NA,NA,1,NA,0,0,0,NA,NA,NA,0,NA,NA,0,1,1,0,NA,0,NA,NA,0,0,NA,0,0,0,NA,0,0,0,1,0,0,1,NA,0,NA,0,0,0,0,0,1,1,1,0,1,NA,0,1,0,1,1,1,1,1,NA,NA,0,0,NA,1,0,0,1,1,NA,1,1,1,NA,0,0,0,1,1,1,0,0,0,0,1,0,0,1,0,0,NA,0,0,NA,0,0,0,1,NA,0,0,NA,NA,0,0,0
205,3,chr3,98217178,chr3:98217178,stop_gained,LOF,OR5K2,SNP,OR,T,A,33,0.085714286,0.166666667,0,0,0,0,0,1,0,0,0,0,0,0,0,0,0,1,1,0,2,0,0,0,1,0,0,0,0,0,0,0,0,0,0,0,0,0,0,0,0,0,0,0,0,0,0,0,0,0,0,1,0,1,0,0,0,0,1,1,0,0,0,0,0,0,1,0,0,0,1,0,0,0,0,1,1,0,0,0,0,1,0,0,0,2,1,0,0,0,2,1,0,0,0,0,0,0,1,0,0,0,1,0,0,0,1,0,1,1,1,1,0,0,1,1,0,0,0,0,1,0,0,0,0,0,0,0,0,1,0,0,0,0,1
176,11,chr11,7949350,chr11:7949350,stop_gained,RESCUE,OR10A6,SNP,OR,A,G,67,0.335714286,0.158730159,2,1,1,1,1,0,0,1,1,0,0,1,1,1,1,0,1,1,0,0,0,2,1,1,0,1,0,1,1,2,2,2,NA,0,0,0,0,1,0,0,0,0,0,1,0,2,2,2,0,0,1,1,1,0,0,1,2,0,1,1,1,0,0,0,0,0,0,1,0,2,0,1,0,0,1,0,1,1,0,0,1,1,0,2,1,1,1,0,0,0,0,0,0,0,0,1,0,0,0,0,1,1,0,0,0,0,1,0,0,0,0,0,0,0,0,1,1,0,1,0,1,0,0,0,0,0,0,1,0,0,0,0,0
102,11,chr11,56380546,chr11:56380546,frameshift,LOF,OR5M1,indel,OR,CCAGA,C,22,0.014285714,0.158730159,0,0,0,0,0,0,0,0,0,0,0,0,0,0,0,0,0,0,1,0,0,0,0,0,1,0,0,0,0,0,0,0,0,0,0,0,0,0,0,0,0,0,0,0,0,0,0,0,0,0,0,0,0,0,0,0,0,0,0,0,0,0,0,0,0,0,0,0,0,0,1,1,0,0,0,1,0,1,1,0,1,0,0,0,1,1,0,0,0,0,1,0,0,0,1,0,1,1,0,0,0,0,0,0,1,0,0,0,0,0,0,1,0,0,1,0,0,1,0,0,1,0,0,0,0,0,0,0,1,0,1,1,0
254,12,chr12,11243929,chr12:11243929,stop_gained,LOF,TAS2R43,SNP,TAS2,C,T,30,0.085714286,0.142857143,0,NA,1,0,NA,0,0,0,0,1,0,NA,0,0,1,0,1,0,0,0,2,0,0,NA,0,1,0,0,0,NA,0,0,0,0,0,0,0,NA,0,1,NA,1,0,NA,0,NA,NA,NA,0,0,0,NA,0,0,1,1,0,0,0,0,0,0,0,0,0,1,0,0,0,0,0,NA,0,0,0,NA,1,NA,NA,0,NA,0,0,0,0,0,1,NA,1,0,0,NA,2,1,0,NA,NA,NA,0,NA,NA,1,0,1,0,NA,1,0,0,1,0,0,1,1,0,1,1,0,NA,NA,0,NA,0,1,NA,0,0,2,0,0,0,NA,1
180,11,chr11,57982620,chr11:57982620,stop_gained,RESCUE,OR1S1,SNP,OR,A,G,126,0.792857143,0.119047619,2,1,1,1,2,1,1,1,2,2,1,2,1,1,0,2,2,2,2,2,2,1,2,1,1,2,2,2,1,1,2,1,2,2,1,2,2,1,2,2,2,2,2,1,2,2,2,2,2,2,0,2,2,2,2,2,2,2,1,2,2,2,2,2,0,0,2,2,2,0,0,0,1,0,0,1,0,0,0,0,1,0,0,1,0,2,0,0,0,0,0,0,0,0,0,0,1,0,0,1,0,0,0,0,0,0,1,0,1,0,0,1,0,0,0,0,0,0,0,0,0,0,0,0,0,0,0,0,1,0,1,1,1
125,12,chr12,48596875,chr12:48596875,frameshift,LOF,OR10AD1,indel,OR,C,CA,37,0.157142857,0.119047619,0,0,1,0,0,0,0,0,1,0,1,2,1,0,0,0,0,1,1,1,0,0,1,1,1,0,0,0,0,0,0,0,0,1,0,1,0,0,0,0,0,0,0,0,0,0,0,0,0,0,0,0,0,0,1,1,1,0,0,1,0,0,0,0,0,2,1,1,0,0,2,0,0,0,0,0,0,1,1,1,0,1,0,0,0,1,1,1,1,0,1,0,1,0,0,0,0,0,0,0,0,0,0,0,0,0,0,0,0,0,0,0,0,0,0,1,0,0,0,0,1,0,0,1,0,0,0,0,0,0,0,0,0
234,11,chr11,55136125,chr11:55136125,stop_gained,LOF,OR4A15,SNP,OR,C,T,15,0,0.119047619,0,0,0,0,0,0,0,0,0,0,0,0,0,0,0,0,0,0,0,0,0,0,0,0,0,0,0,0,0,0,0,0,0,0,0,0,0,0,0,0,0,0,0,0,0,0,0,0,0,0,0,0,0,0,0,0,0,0,0,0,0,0,0,0,0,0,0,0,0,0,0,0,0,0,0,1,0,0,0,0,0,0,0,0,0,0,0,0,0,0,1,1,0,0,0,1,0,1,0,0,0,0,0,0,0,0,0,0,0,0,0,0,2,0,0,0,1,0,1,2,0,0,1,0,0,0,0,2,0,1,0,0,0
255,12,chr12,55641255,chr12:55641255,stop_gained,LOF,OR6C74,SNP,OR,C,T,48,0.242857143,0.111111111,1,0,1,0,0,1,0,0,0,0,0,1,0,0,0,0,0,0,1,0,0,0,0,0,0,1,1,1,2,1,1,2,0,2,0,2,1,0,1,1,0,1,1,0,1,0,1,0,1,0,1,0,1,1,0,0,0,0,0,0,0,0,0,1,1,1,1,0,0,1,0,0,1,0,0,0,0,0,0,0,1,1,1,0,0,0,1,1,1,0,0,0,0,1,0,0,0,0,0,0,0,0,0,0,0,1,0,0,0,0,0,0,0,0,0,0,0,0,0,1,0,0,0,0,0,1,0,0,0,0,1,1,1
274,9,chr9,36002929,chr9:36002929,stop_lost,LOF,OR13C7P,SNP,OR,T,C,47,0.235714286,0.111111111,0,1,0,0,NA,1,1,0,1,0,1,0,1,1,0,1,1,NA,0,0,0,0,0,1,NA,1,NA,1,0,NA,NA,NA,NA,1,0,0,NA,NA,0,0,1,0,2,0,1,2,1,2,NA,NA,1,0,NA,0,0,NA,1,NA,1,0,1,0,2,0,NA,2,0,1,1,1,0,0,NA,NA,1,0,0,NA,NA,NA,0,1,0,0,1,NA,2,0,1,0,NA,0,0,0,1,0,0,NA,NA,NA,NA,0,0,0,1,0,0,0,0,0,0,0,0,0,1,NA,0,NA,NA,NA,NA,0,0,1,NA,0,2,1,0,0,0,0,1
51,9,chr9,125437830,chr9:125437830,frameshift,LOF,OR1L3,indel,OR,G,GTT,13,0,0.103174603,0,0,0,0,0,0,0,0,0,0,0,0,0,0,0,0,0,0,0,0,0,0,0,0,0,0,0,0,0,0,0,0,0,0,0,0,0,0,0,0,0,0,0,0,0,0,0,0,0,0,0,0,0,0,0,0,0,0,0,0,0,0,0,0,0,0,0,0,0,0,0,0,0,0,0,0,0,0,0,0,1,1,0,0,0,0,0,0,1,0,1,0,0,0,1,0,0,0,0,0,0,0,0,0,0,0,0,0,0,0,0,0,0,0,1,1,1,0,1,1,0,0,0,0,1,1,0,1,0,0,0,0,0
103,11,chr11,56409642,chr11:56409642,frameshift,LOF,OR5AP2,indel,OR,T,TGA,13,0,0.103174603,0,0,0,0,0,0,0,0,0,0,0,0,0,0,0,0,0,0,0,0,0,0,0,0,0,0,0,0,0,0,0,0,0,0,0,0,0,0,0,0,0,0,0,0,0,0,0,0,0,0,0,0,NA,0,0,0,0,0,0,0,0,0,0,0,0,0,0,0,0,0,0,0,0,0,0,0,0,0,0,0,0,0,0,0,0,0,0,0,0,0,0,0,0,0,1,0,0,0,1,0,1,1,1,1,1,2,0,2,0,0,1,0,0,0,1,0,0,0,0,0,0,0,0,0,NA,0,0,0,0,0,0,0,0
26,3,chr3,97887843,chr3:97887843,frameshift,LOF,OR5H15,indel,OR,AT,A,23,0.078571429,0.095238095,0,0,0,0,0,0,0,0,0,0,0,0,0,0,0,0,0,0,0,0,0,1,0,0,0,0,0,0,1,1,0,1,2,0,1,0,0,0,0,1,0,0,0,1,0,1,0,1,0,0,0,0,0,0,0,0,0,0,0,0,0,0,0,0,0,0,0,0,0,0,0,0,1,0,0,0,0,0,0,0,0,0,0,1,0,0,0,0,0,0,0,0,1,0,NA,NA,NA,NA,NA,NA,NA,NA,NA,NA,NA,NA,NA,NA,NA,NA,NA,NA,NA,NA,NA,0,0,1,1,2,1,0,1,0,0,0,0,2,0,0,0,0,1
55,11,chr11,4566459,chr11:4566459,frameshift,LOF,OR52M1,indel,OR,CT,C,12,0.007142857,0.087301587,0,NA,0,0,0,0,0,0,0,1,0,0,0,0,0,0,0,0,0,0,0,0,0,0,NA,0,0,0,0,0,0,0,0,0,0,0,0,0,0,0,0,0,0,0,0,0,NA,0,0,0,0,0,NA,0,0,0,0,0,0,0,0,0,0,0,NA,0,0,0,0,0,0,0,1,1,1,0,0,1,0,0,0,0,0,1,0,0,0,0,1,0,0,1,0,0,0,0,0,0,0,0,0,0,0,0,0,0,0,0,0,0,0,0,0,0,0,0,0,0,1,0,0,NA,0,0,1,1,0,0,1,0,0,0,0
212,9,chr9,107331474,chr9:107331474,stop_gained,LOF,OR13C8,SNP,OR,C,A,11,0,0.087301587,0,0,0,0,0,0,0,0,0,0,0,0,0,0,0,0,0,0,0,0,0,0,0,0,0,0,0,0,0,0,0,0,0,0,0,0,0,0,0,0,0,0,0,0,0,0,0,0,0,0,0,0,NA,0,0,0,0,0,0,0,0,0,0,0,0,0,0,0,0,0,0,0,0,0,1,1,0,0,0,0,0,1,0,0,0,0,1,0,0,0,0,0,0,0,0,0,0,0,0,0,0,0,0,0,0,0,0,0,0,0,0,0,0,0,0,0,0,1,0,0,0,0,1,0,0,0,0,2,1,0,1,1,0
269,19,chr19,111437,chr19:111437,stop_gained,LOF,OR4F17,SNP,OR,G,A,11,0,0.087301587,0,0,0,0,NA,0,0,0,0,0,0,0,0,0,0,0,0,0,0,0,0,0,0,0,0,0,NA,0,0,0,NA,0,0,0,0,0,0,0,0,0,0,0,0,0,0,0,0,0,0,NA,NA,0,0,0,0,NA,0,0,NA,0,0,0,0,0,0,0,0,0,0,0,0,1,NA,0,1,0,NA,NA,0,1,0,1,1,NA,1,0,1,0,1,NA,0,NA,1,NA,0,0,0,0,0,0,0,0,0,0,0,0,0,0,0,0,0,0,NA,0,0,0,1,NA,NA,0,NA,0,0,NA,1,NA,0,0,0,0,0,NA,NA
63,11,chr11,5172795,chr11:5172795,frameshift,LOF,OR52A1,indel,OR,A,AC,37,0.192857143,0.079365079,0,0,1,1,1,0,0,1,0,0,0,2,1,0,1,0,0,0,0,1,1,0,0,1,1,0,1,0,0,0,0,0,0,0,1,1,1,0,0,0,1,0,0,0,0,0,0,0,0,1,0,0,0,0,0,1,0,2,1,0,1,0,1,0,0,1,0,1,0,1,0,0,0,0,0,0,0,0,0,0,0,0,0,0,0,0,0,0,0,0,0,0,0,0,0,2,1,0,1,0,0,1,0,1,0,0,0,0,1,0,0,0,1,1,0,0,0,0,0,1,0,0,0,0,0,0,0,0,0,0,0,0,0
230,11,chr11,48266736,chr11:48266736,stop_gained,LOF,OR4X2,SNP,OR,C,G,33,0.164285714,0.079365079,0,0,0,0,1,1,0,0,0,1,0,2,0,0,0,0,0,1,2,0,1,0,0,1,NA,0,0,0,0,0,0,1,NA,0,1,0,0,1,0,0,0,0,0,0,0,0,0,0,0,1,1,0,2,1,0,1,0,0,1,0,0,1,0,0,0,0,1,0,0,1,0,1,1,2,0,0,0,0,0,1,0,1,0,0,0,1,1,0,1,0,0,1,0,0,0,0,NA,0,0,0,0,0,0,0,0,0,0,0,0,0,0,0,0,0,0,0,0,0,0,0,0,0,0,0,0,0,0,0,0,0,0,0,0
202,3,chr3,97806117,chr3:97806117,stop_gained,LOF,OR5AC2,SNP,OR,T,A,10,0,0.079365079,0,0,0,0,0,0,0,0,0,0,0,0,0,0,0,0,0,0,0,0,0,0,0,0,NA,0,0,0,0,0,0,0,0,0,0,0,0,0,0,0,0,0,0,0,0,0,NA,0,0,0,0,0,0,0,0,0,0,0,0,0,0,0,0,0,0,0,0,0,0,0,1,0,NA,0,0,0,0,0,1,0,0,0,0,0,0,1,0,0,0,1,NA,0,0,0,0,0,0,1,0,0,0,0,0,0,0,1,0,0,0,1,1,0,0,0,0,1,0,0,0,0,0,0,0,0,0,1,0,0,0,NA,0,0,0
38,9,chr9,107360916,chr9:107360916,frameshift,LOF,OR13C5,indel,OR,AT,A,9,0,0.071428571,0,0,0,0,0,0,0,0,0,0,0,0,0,0,0,0,0,0,0,0,0,0,0,0,0,0,0,0,0,0,0,0,0,0,0,0,0,0,0,0,0,0,0,0,0,0,0,0,0,0,0,0,NA,0,0,0,0,0,0,0,0,0,0,0,0,0,0,0,0,0,1,0,0,0,0,1,0,0,0,1,0,0,0,0,0,0,0,0,0,0,1,0,0,0,0,2,0,0,0,0,0,0,0,0,0,0,0,0,1,0,0,0,0,0,0,0,0,1,0,0,NA,0,0,1,0,0,0,0,0,0,0,0,0
244,11,chr11,56756398,chr11:56756398,stop_gained,LOF,OR5AK2,SNP,OR,G,T,8,0,0.063492063,0,0,0,0,0,0,0,0,0,0,0,0,0,0,0,0,0,0,0,0,0,0,0,0,NA,0,0,0,0,0,0,0,0,0,0,0,0,0,0,0,0,0,0,0,0,0,0,0,0,0,0,0,0,0,0,0,0,0,0,0,0,0,0,0,0,0,0,0,0,0,0,0,1,0,0,0,0,0,0,0,1,0,0,0,0,0,0,0,0,1,0,0,0,1,0,0,0,0,0,0,0,0,0,0,0,0,0,0,0,0,0,0,0,0,0,0,0,0,0,0,0,0,0,1,1,0,0,0,1,NA,0,0,1
178,11,chr11,56086147,chr11:56086147,stop_gained,RESCUE,OR8K3,SNP,OR,T,G,37,0.214285714,0.055555556,1,0,1,0,1,1,0,1,1,1,1,0,0,0,0,1,1,1,2,1,1,0,1,1,NA,1,0,0,1,1,2,0,0,0,0,0,0,0,0,0,0,0,0,1,0,1,1,0,0,0,0,0,2,1,0,0,0,0,0,0,0,1,0,0,0,0,1,0,0,0,1,0,0,0,0,0,0,0,0,0,1,0,0,0,0,1,0,0,0,0,1,0,0,0,0,0,1,0,0,0,0,0,0,0,0,0,0,0,0,0,0,1,0,0,0,0,0,0,0,0,1,0,0,0,0,0,0,0,0,0,0,0,0
227,11,chr11,7949294,chr11:7949294,stop_gained,LOF,OR10A6,SNP,OR,G,A,8,0.007142857,0.055555556,0,0,0,0,1,0,0,0,0,0,0,0,0,0,0,0,0,0,0,0,0,0,0,0,0,0,0,0,0,0,0,0,0,0,0,0,0,0,0,0,0,0,0,0,0,0,0,0,0,0,0,0,0,0,0,0,0,0,0,0,0,0,0,0,0,0,0,0,0,0,0,1,0,0,1,0,0,0,0,0,0,1,0,2,1,0,1,0,0,0,0,0,0,0,0,0,0,0,0,0,0,0,0,0,0,0,0,0,0,0,0,0,0,0,0,0,0,0,0,0,0,0,0,0,0,0,0,0,0,0,0,0,0
129,12,chr12,55759191,chr12:55759191,frameshift,LOF,OR6C75,indel,OR,AT,A,7,0,0.055555556,0,NA,0,0,0,0,0,0,0,0,0,0,0,0,0,0,0,0,0,0,0,0,0,0,NA,0,0,0,0,0,0,0,NA,0,0,0,0,0,0,0,0,0,0,0,0,0,0,0,0,0,0,0,0,0,0,0,0,0,0,0,0,0,0,0,0,0,0,0,0,0,0,0,1,0,0,0,0,0,0,0,0,1,1,0,0,0,1,1,0,0,0,0,0,0,0,0,0,0,0,0,0,0,0,0,0,1,0,0,0,0,0,0,0,0,0,0,0,0,0,0,1,0,0,0,0,0,0,0,0,0,0,0,0
265,15,chr15,22368957,chr15:22368957,stop_gained,LOF,OR4M2,SNP,OR,C,T,13,0.05,0.047619048,0,0,0,0,0,0,0,0,0,0,0,0,0,0,0,0,0,0,1,0,0,0,0,0,0,0,0,0,0,0,0,0,0,0,0,0,0,0,0,0,0,0,0,0,0,0,0,0,0,0,1,0,0,0,1,0,1,1,0,0,1,0,0,0,0,0,1,0,0,0,0,0,0,0,0,0,0,0,0,0,1,0,0,0,0,0,0,0,0,0,0,0,0,0,0,0,0,0,0,0,1,0,0,0,1,0,0,1,1,0,0,0,0,0,0,0,0,0,0,0,0,0,0,0,0,0,1,0,0,0,0,0,0
156,19,chr19,14910637,chr19:14910637,frameshift,LOF,OR7C1,indel.m,OR,GA,"G,GAA",10,0.028571429,0.047619048,0,0,NA,0,NA,0,0,0,0,NA,0,0,0,0,NA,0,0,1,0,NA,0,0,0,NA,NA,0,1,NA,0,0,0,0,NA,0,0,0,NA,0,0,0,0,0,0,0,0,0,NA,NA,NA,0,0,0,0,0,0,0,0,2,0,0,0,0,0,0,0,0,0,0,0,0,0,0,0,0,NA,2,0,0,0,2,0,0,0,NA,0,NA,0,0,NA,0,NA,0,0,0,0,0,NA,2,NA,0,0,0,0,NA,0,0,0,0,0,0,0,0,NA,0,0,NA,0,NA,0,0,NA,0,0,0,NA,0,0,0,0,0,0,0,0
209,7,chr7,143792611,chr7:143792611,stop_gained,LOF,OR2A12,SNP,OR,G,A,6,0,0.047619048,0,0,0,0,0,0,0,0,0,0,0,0,0,0,0,0,0,NA,0,0,0,0,0,0,NA,0,NA,0,0,0,NA,0,NA,0,0,0,NA,0,0,0,0,0,0,0,0,0,NA,0,0,0,0,0,NA,0,0,NA,0,0,0,0,0,0,0,0,0,0,0,0,0,0,0,0,NA,1,0,0,0,0,0,0,1,1,0,1,1,0,0,0,1,0,0,0,0,0,0,0,0,0,0,0,0,0,0,0,0,0,0,0,0,0,0,0,0,0,0,0,0,NA,0,0,NA,0,0,0,0,0,0,0,0,NA,0,0,0
70,11,chr11,5424387,chr11:5424387,frameshift,LOF,OR51J1,indel,OR,T,TTATC,25,0.142857143,0.03968254,1,0,1,2,0,0,0,0,1,2,0,0,1,0,2,0,1,1,0,0,0,0,1,1,NA,1,1,0,0,0,0,0,0,0,0,0,0,0,0,0,0,0,0,1,1,0,0,0,0,0,0,0,1,0,1,0,0,0,0,0,0,0,0,0,0,0,0,0,0,0,0,0,0,0,0,0,1,0,0,1,0,0,0,0,0,0,0,0,0,2,0,0,0,1,0,0,0,0,0,0,0,0,0,0,0,0,0,0,0,0,0,0,0,0,0,0,0,0,0,0,0,0,0,0,0,0,0,0,0,0,0,0,0
154,19,chr19,9236916,chr19:9236916,frameshift,LOF,OR7G3,indel,OR,AG,A,19,0.1,0.03968254,1,0,0,1,0,0,0,0,0,0,0,0,0,0,0,0,0,0,0,2,0,0,0,0,NA,0,NA,0,0,0,0,0,0,0,0,0,NA,0,0,0,0,0,0,0,1,0,NA,0,0,NA,1,0,NA,1,0,0,0,1,0,0,1,1,1,1,0,0,1,1,0,0,0,0,NA,0,0,0,0,0,0,0,0,0,2,1,0,0,0,0,0,1,0,0,0,1,0,0,0,0,0,NA,0,0,0,0,0,0,0,0,0,0,0,0,0,0,0,0,0,0,0,0,0,0,0,0,0,0,0,0,0,0,0,NA,0
74,11,chr11,5510540,chr11:5510540,frameshift,LOF,OR52D1,indel,OR,G,GGGCT,10,0.035714286,0.03968254,0,0,0,0,0,0,0,1,0,0,1,0,0,1,0,0,0,0,1,0,0,1,0,0,0,0,NA,0,0,0,0,0,0,0,0,0,NA,0,0,0,0,0,0,0,0,0,NA,0,0,0,0,0,0,0,0,0,0,0,0,0,0,0,0,0,0,0,0,0,0,0,0,0,0,0,0,0,0,0,0,0,0,0,0,0,0,0,0,0,0,0,0,0,0,0,0,0,0,0,0,1,0,1,0,0,0,0,0,0,1,0,0,0,0,0,0,0,1,0,0,1,0,0,0,0,0,0,0,0,0,0,0,0,0
136,14,chr14,20444292,chr14:20444292,frameshift,LOF,OR4K15,indel,OR,T,TC,5,0,0.03968254,0,0,0,0,0,0,0,0,0,0,0,0,0,0,0,0,0,0,0,0,0,0,0,0,NA,0,0,0,0,0,0,0,0,0,0,0,0,0,0,0,0,0,0,0,0,0,0,0,0,0,0,0,0,0,0,0,0,0,0,0,0,0,0,0,0,0,0,0,0,0,0,0,0,0,0,0,0,0,0,0,0,0,0,0,0,0,0,0,0,0,0,0,0,1,0,0,0,0,0,0,0,0,0,0,0,0,0,0,0,0,0,0,0,0,0,0,0,0,0,0,0,0,0,0,1,0,0,0,1,0,1,1,0
232,11,chr11,51435848,chr11:51435848,stop_gained,LOF,OR4A8P,SNP,OR,C,A,5,0,0.03968254,0,0,0,0,0,0,0,0,0,0,0,0,0,0,0,0,0,0,0,0,0,0,0,0,0,0,0,0,0,0,0,0,0,0,0,0,0,0,0,0,0,0,0,0,0,0,0,0,0,0,0,0,0,0,0,0,0,0,0,0,0,0,0,0,0,0,0,0,0,0,0,1,0,0,0,0,0,0,0,1,0,1,0,0,0,0,0,0,1,0,0,1,0,0,0,0,0,0,0,0,0,0,0,0,0,0,0,0,0,0,0,0,0,0,0,0,0,0,0,0,0,0,0,0,0,0,0,0,0,0,0,0,0
267,17,chr17,2966388,chr17:2966388,stop_gained,LOF,OR1D5,SNP,OR,G,A,5,0,0.03968254,0,0,0,0,0,0,0,0,0,0,0,0,0,0,0,0,0,0,0,0,0,0,0,0,0,0,0,0,0,0,0,0,0,0,0,0,0,0,0,0,0,0,0,0,0,0,0,0,0,0,0,0,0,0,0,0,0,0,0,0,0,0,0,0,0,0,0,0,0,0,0,0,0,1,1,0,0,0,0,0,0,1,0,0,1,0,1,0,0,0,0,0,0,0,0,0,0,0,0,0,0,0,0,0,0,0,0,0,0,0,0,0,0,0,0,0,0,0,0,0,0,0,0,0,0,0,0,0,0,0,0,0,0
106,11,chr11,57799108,chr11:57799108,frameshift,LOF,OR6Q1,indel,OR,AC,A,34,0.214285714,0.031746032,0,1,2,1,1,0,0,0,1,0,1,0,1,1,0,0,0,0,0,0,0,0,1,0,0,1,1,1,2,1,0,0,1,0,0,0,0,0,0,0,1,1,0,1,1,0,0,0,1,0,0,0,NA,0,0,1,0,0,0,1,0,0,1,0,2,1,0,0,1,1,0,0,1,0,0,0,0,0,0,0,1,0,0,0,0,2,0,0,0,0,0,0,0,0,0,0,0,0,0,0,0,0,0,0,0,0,0,0,0,0,0,0,0,0,0,0,0,0,0,0,0,0,0,0,0,0,0,0,0,0,0,0,0
257,14,chr14,19378292,chr14:19378292,stop_gained,LOF,OR11H12,SNP,OR,T,G,22,0.128571429,0.031746032,0,NA,0,0,1,1,0,0,0,1,1,1,NA,0,NA,0,0,0,1,1,1,NA,0,0,NA,1,NA,0,0,NA,0,1,NA,0,1,0,0,NA,1,0,1,0,1,0,0,0,1,0,0,0,0,0,0,NA,0,1,0,1,0,1,0,0,NA,NA,0,0,0,0,0,0,0,0,0,NA,0,0,1,0,1,0,0,0,0,0,0,0,0,NA,NA,0,NA,NA,0,0,0,NA,0,0,0,0,0,0,0,0,0,0,0,0,0,0,0,0,0,0,0,1,0,0,0,0,0,0,0,0,0,NA,NA,0,0,1,0,0,0
246,11,chr11,59480952,chr11:59480952,stop_gained,LOF,OR10V1,SNP,OR,G,A,16,0.085714286,0.031746032,0,0,0,0,0,0,0,0,0,0,0,1,0,1,0,0,0,0,0,1,0,0,0,0,NA,0,NA,0,0,0,0,0,0,0,0,0,0,0,0,1,0,0,0,0,0,0,0,0,0,0,0,1,NA,1,0,NA,0,0,1,1,0,1,0,1,0,1,0,0,1,0,0,0,NA,NA,0,0,0,0,0,0,0,0,0,0,0,0,0,0,0,0,0,0,0,0,0,0,0,0,0,NA,0,0,0,0,0,0,0,0,0,0,0,0,0,0,0,0,1,1,0,0,0,0,0,0,0,0,0,0,0,0,1,1,0
184,11,chr11,5323175,chr11:5323175,start_lost,LOF,OR51B4,SNP,OR,A,G,7,0.021428571,0.031746032,0,NA,0,0,NA,0,0,0,0,1,0,0,0,0,0,0,0,NA,0,0,0,0,0,0,NA,0,0,0,0,NA,NA,0,NA,0,0,0,NA,0,0,0,0,0,0,0,0,0,NA,0,NA,NA,0,1,NA,NA,0,0,0,NA,0,0,0,0,0,0,NA,0,0,0,NA,1,0,0,NA,NA,0,0,0,0,0,NA,NA,0,0,0,0,0,0,NA,0,0,NA,0,0,0,0,0,NA,0,NA,NA,NA,0,0,0,0,0,0,0,0,0,0,0,0,0,0,0,0,NA,0,0,NA,NA,1,1,0,0,0,0,0,1,0,0,1
215,11,chr11,5068662,chr11:5068662,stop_gained,LOF,OR52J3,SNP,OR,C,T,17,0.1,0.023809524,0,0,0,0,0,0,0,0,0,0,0,0,0,0,1,0,0,0,0,0,0,0,0,0,0,0,0,0,1,0,1,0,0,1,0,0,0,1,2,1,0,1,0,1,0,0,0,1,1,0,0,0,0,0,1,0,0,0,0,1,0,0,0,0,0,0,0,0,0,0,0,1,0,0,0,0,0,0,0,0,1,0,0,0,0,0,0,0,0,0,0,0,0,0,0,0,0,0,0,0,0,0,0,0,0,0,0,0,0,0,0,0,0,0,0,0,1,0,0,0,0,0,0,0,0,0,0,0,0,0,0,0,0
137,14,chr14,20528397,chr14:20528397,frameshift,LOF,OR4L1,indel,OR,ATC,A,9,0.042857143,0.023809524,0,1,0,0,0,0,0,0,0,0,0,0,0,0,0,0,0,0,0,0,0,0,0,0,0,0,0,0,0,0,0,0,0,0,0,0,0,1,0,0,0,0,0,0,0,0,0,0,0,0,0,0,0,1,0,0,1,0,0,0,1,0,0,0,0,0,0,0,1,0,0,1,0,0,0,0,0,0,0,0,0,0,0,0,0,0,0,0,0,1,0,0,0,0,0,0,0,0,0,0,0,0,0,0,0,0,0,0,0,0,0,0,0,0,0,0,0,0,0,0,0,0,0,0,0,0,0,0,0,0,0,0,1
71,11,chr11,5475431,chr11:5475431,frameshift,LOF,OR51I2,indel,OR,T,TCA,5,0.014285714,0.023809524,0,0,0,0,0,0,1,0,0,0,0,0,0,0,0,0,0,1,0,0,0,0,0,0,0,0,0,0,0,0,0,0,0,0,0,0,0,0,0,0,0,0,0,0,0,0,0,0,0,0,0,0,0,0,0,0,0,0,0,0,0,0,0,0,0,0,0,0,0,0,0,0,0,0,0,0,0,0,2,0,0,0,0,0,0,1,0,0,0,0,0,0,0,0,0,0,0,0,0,0,0,0,0,0,0,0,0,0,0,0,0,0,0,0,0,0,0,0,0,0,0,0,0,0,0,0,0,0,0,0,0,0,0
6,1,chr1,248458132,chr1:248458132,frameshift,LOF,OR2T12,indel,OR,TAA,T,3,0,0.023809524,0,0,0,0,0,0,0,0,0,0,0,0,0,0,0,0,0,0,0,0,0,0,0,0,0,0,0,0,0,0,0,0,0,0,0,0,0,0,0,0,0,0,0,0,0,0,0,0,0,0,0,0,0,0,0,0,0,0,0,0,0,0,0,0,0,0,0,0,0,0,0,0,0,0,0,0,0,0,0,0,0,1,0,0,0,0,1,0,0,0,1,0,0,0,0,0,0,0,0,0,0,0,0,0,0,0,0,0,0,0,0,0,0,0,0,0,0,0,0,0,0,0,0,0,0,0,0,0,0,0,0,0,0
107,11,chr11,59225129,chr11:59225129,frameshift,LOF,OR4D6,indel,OR,GC,G,25,0.164285714,0.015873016,1,0,0,0,0,0,1,1,2,0,0,0,1,0,0,0,0,0,1,1,0,1,1,1,NA,0,NA,0,0,0,NA,0,1,0,0,1,NA,NA,1,0,0,2,0,0,1,0,NA,0,2,NA,1,0,NA,0,0,0,1,0,0,0,0,0,0,1,0,0,1,0,0,0,1,0,NA,0,0,0,0,0,1,0,0,0,0,0,0,0,0,0,0,0,0,0,0,0,0,0,0,0,0,NA,0,0,0,0,0,0,0,0,0,0,0,0,0,0,0,0,0,NA,0,0,0,0,0,0,0,0,0,0,0,0,0,0,0
245,11,chr11,59245593,chr11:59245593,stop_gained,LOF,OR4D10,SNP,OR,G,T,17,0.107142857,0.015873016,0,0,0,1,NA,0,0,1,0,1,1,0,0,0,0,0,0,1,1,0,1,0,1,0,NA,0,NA,0,0,0,NA,1,NA,0,1,0,0,0,0,1,0,0,0,0,0,1,0,0,0,0,0,0,0,0,0,0,0,0,0,1,0,0,0,1,0,0,1,0,0,0,0,0,0,0,0,0,0,0,0,0,0,0,0,0,0,1,0,0,0,0,0,0,0,0,0,0,0,0,0,0,0,0,0,0,0,0,0,0,0,0,0,0,0,0,0,0,0,0,0,0,0,0,0,0,0,0,0,0,0,1,0,NA,0
123,12,chr12,11286141,chr12:11286141,frameshift,LOF,TAS2R30,indel,TAS2,GA,G,4,0.014285714,0.015873016,0,0,0,0,1,0,0,NA,0,0,0,1,0,0,0,0,0,0,0,0,0,0,0,0,NA,0,0,0,0,NA,0,0,0,0,0,0,0,0,0,0,0,NA,0,0,0,0,0,0,NA,0,0,0,0,0,0,0,0,0,0,0,0,0,0,0,0,0,0,0,0,0,0,0,0,0,0,0,0,0,1,0,1,0,0,0,0,0,0,NA,0,0,0,0,0,0,0,NA,0,0,0,0,NA,0,0,0,0,0,0,0,0,0,0,0,0,0,0,0,0,0,0,NA,0,0,0,0,0,0,0,0,0,0,NA,0,0
34,7,chr7,143792499,chr7:143792499,frameshift,LOF,OR2A12,indel,OR,CT,C,2,0,0.015873016,0,0,0,0,0,0,0,0,0,0,0,0,0,0,0,0,0,0,0,0,0,0,0,0,NA,0,0,0,0,0,0,0,NA,0,0,0,0,0,0,0,0,0,0,0,0,0,NA,0,0,0,0,0,NA,0,0,0,0,0,0,0,0,0,0,0,0,0,0,0,0,0,0,0,0,0,0,0,0,0,0,0,0,0,0,0,0,0,0,0,0,0,0,0,0,0,0,1,0,0,0,0,0,0,0,0,0,0,0,1,0,0,0,0,0,0,0,0,0,0,0,0,NA,0,0,0,0,0,0,0,0,NA,0,0,0
122,12,chr12,11286136,chr12:11286136,frameshift,LOF,TAS2R30,indel,TAS2,C,CA,2,0,0.015873016,0,0,0,0,NA,0,0,0,0,0,0,0,0,0,0,0,0,0,0,0,0,0,0,0,NA,0,0,0,0,0,0,0,NA,0,0,0,0,0,0,0,0,0,0,0,0,0,0,0,NA,0,0,0,0,0,0,0,0,0,0,0,0,0,0,0,0,0,0,0,0,0,0,0,0,0,0,0,0,0,1,0,1,0,0,0,0,0,0,0,0,0,0,0,0,0,0,NA,0,0,0,0,0,0,0,0,0,0,0,0,0,0,0,0,0,0,0,0,0,0,0,0,0,0,0,0,0,0,0,0,0,0,0,0,0
158,19,chr19,15853084,chr19:15853084,frameshift,LOF,OR10H3,indel,OR,AAGGAACAAGG,A,2,0,0.015873016,0,0,0,0,0,0,0,0,0,0,0,0,0,0,0,0,0,0,0,0,0,0,0,0,0,0,NA,0,0,0,0,0,0,0,0,0,0,0,0,0,0,0,0,0,0,0,0,0,0,0,0,0,NA,0,0,0,0,0,0,0,0,0,0,0,0,0,0,0,0,0,0,0,0,0,0,0,0,0,0,0,0,0,0,0,0,0,0,0,0,0,0,0,0,0,0,0,0,0,0,0,0,0,0,0,0,0,0,0,0,0,0,0,0,0,0,0,0,1,0,0,0,0,0,0,0,0,0,0,0,0,0,0,1
190,1,chr1,158450142,chr1:158450142,stop_gained,LOF,OR10R2,SNP,OR,C,T,2,0,0.015873016,0,0,0,0,0,0,0,0,0,0,0,0,0,0,0,0,0,0,0,0,0,0,0,0,NA,0,0,0,0,0,0,0,0,0,0,0,NA,0,0,0,0,0,0,0,0,0,0,0,0,0,0,0,0,0,0,0,0,0,0,0,0,0,0,0,0,0,0,0,0,0,0,0,0,0,0,0,0,1,0,0,0,0,0,0,0,0,0,0,0,0,0,0,0,0,0,0,0,0,0,0,1,0,0,0,0,0,0,0,0,0,0,0,0,0,0,0,0,0,0,0,0,NA,0,0,0,0,0,0,0,0,0,0,0
235,11,chr11,55321969,chr11:55321969,stop_gained,LOF,OR4C15,SNP,OR,G,T,2,0,0.015873016,0,0,0,0,0,0,0,0,0,0,0,0,0,0,0,0,0,0,0,0,0,0,0,0,0,0,0,0,0,0,0,0,0,0,0,0,0,0,0,0,0,0,0,0,0,0,0,0,0,0,0,0,0,0,0,0,0,0,0,0,0,0,0,0,0,0,0,0,0,0,0,0,0,0,0,0,0,0,0,0,0,0,0,0,0,0,0,0,0,0,0,0,0,0,0,0,1,0,0,0,0,0,0,0,0,0,0,0,0,0,0,1,0,0,0,0,0,0,0,0,0,0,0,0,0,0,0,0,0,0,0,0,0
263,14,chr14,22133972,chr14:22133972,stop_gained,LOF,OR4E2,SNP,OR,C,T,2,0,0.015873016,0,0,0,0,0,0,0,0,0,0,0,0,0,0,0,0,0,0,0,0,0,0,0,0,NA,0,0,0,0,0,0,0,NA,0,0,0,0,0,0,0,0,0,0,0,0,0,0,0,0,0,0,0,0,0,0,0,0,0,0,0,0,0,0,0,0,0,0,0,0,0,0,0,0,0,0,0,0,0,0,0,0,0,0,0,0,0,0,0,0,0,1,0,0,0,0,0,0,0,0,0,0,0,0,0,0,0,0,0,0,0,0,0,0,0,0,0,1,0,0,0,0,0,0,0,0,0,0,0,0,0,0,0,0
270,19,chr19,9236969,chr19:9236969,stop_gained,LOF,OR7G3,SNP,OR,G,A,15,0.1,0.007936508,1,1,0,0,0,0,0,0,0,1,0,1,0,0,0,1,0,0,0,0,1,0,1,1,NA,0,NA,0,0,0,0,0,NA,0,0,1,NA,0,0,0,1,0,0,0,0,2,NA,2,0,NA,0,0,NA,0,0,0,0,0,0,0,0,0,0,0,0,0,0,0,0,0,0,0,NA,0,0,0,0,0,0,1,0,0,0,0,0,0,0,0,0,0,0,0,0,0,0,0,0,0,0,NA,0,0,0,0,0,0,0,0,0,0,0,0,0,0,0,0,0,NA,0,0,0,0,0,0,0,0,0,0,0,0,0,NA,0
133,14,chr14,19378218,chr14:19378218,frameshift,LOF,OR11H12,indel,OR,AG,A,10,0.064285714,0.007936508,0,0,0,1,0,0,1,NA,0,0,0,0,1,1,0,0,0,0,0,0,0,0,1,0,NA,0,0,0,1,1,0,0,0,1,0,0,NA,0,0,0,0,0,0,0,0,0,0,1,0,0,0,0,0,0,0,0,0,0,0,0,0,0,0,0,0,0,0,0,0,0,0,0,0,0,1,0,0,0,0,0,0,0,0,0,0,0,0,0,0,0,0,0,0,0,0,0,0,0,0,0,0,0,0,0,0,0,0,0,0,0,0,0,0,0,0,0,0,0,0,0,0,0,0,0,0,0,0,0,0,0,0,0,0
174,11,chr11,5566365,chr11:5566365,stop_gained,RESCUE,OR52H1,SNP,OR,T,C,10,0.064285714,0.007936508,0,0,0,0,0,0,1,1,0,0,0,0,0,1,1,0,0,0,0,0,1,1,0,0,0,0,0,0,0,0,0,0,0,0,0,0,0,0,0,0,0,0,0,0,0,0,0,0,0,1,0,0,0,0,0,1,0,0,1,0,0,0,0,0,0,0,0,0,0,0,0,0,0,1,0,0,0,0,0,0,0,0,0,0,0,0,0,0,0,0,0,0,0,0,0,0,0,0,0,0,0,0,0,0,0,0,0,0,0,0,0,0,0,0,0,0,0,0,0,0,0,0,0,0,0,0,0,0,0,0,0,0,0
130,12,chr12,55820902,chr12:55820902,frameshift,LOF,OR6C76,indel,OR,C,CT,9,0.057142857,0.007936508,0,0,0,0,NA,0,0,0,0,0,0,0,0,0,0,1,0,0,0,0,0,0,0,1,NA,0,NA,0,0,0,0,0,1,0,0,0,0,0,0,0,0,0,0,1,0,0,0,0,0,NA,0,0,NA,1,0,0,0,0,0,0,0,1,0,1,1,0,0,0,0,0,0,0,NA,0,0,0,0,0,0,0,0,0,0,0,0,0,0,0,0,0,0,0,0,0,0,0,0,0,0,0,0,0,0,0,0,0,1,0,0,0,0,0,0,0,0,0,0,0,0,0,0,0,0,0,0,0,0,0,0,0,0,0,0
39,9,chr9,107361450,chr9:107361450,frameshift,LOF,OR13C5,indel,OR,AGC,A,4,0.021428571,0.007936508,0,1,0,0,0,0,0,0,1,0,0,0,0,0,0,0,0,NA,0,0,0,0,0,0,0,0,NA,0,0,0,0,NA,NA,0,0,0,NA,0,0,0,0,0,0,0,0,0,0,0,0,0,0,0,0,0,NA,NA,0,0,0,0,0,0,0,0,0,0,0,0,1,0,0,0,NA,0,0,0,0,0,0,0,0,0,0,0,0,NA,0,0,0,0,0,0,0,0,0,0,0,0,0,0,0,0,0,0,0,0,1,0,0,0,0,0,0,0,0,0,0,NA,0,0,0,NA,0,0,0,0,0,0,0,0,0,0,0
36,9,chr9,107267441,chr9:107267441,frameshift,LOF,OR13F1,indel,OR,GC,G,1,0,0.007936508,0,0,0,0,0,0,0,0,0,0,0,0,0,0,0,0,0,0,0,0,0,0,0,0,0,0,0,0,0,0,0,0,0,0,0,0,NA,0,0,0,0,0,0,0,0,0,0,0,0,0,0,0,NA,0,0,0,0,0,0,0,0,0,0,0,0,0,0,0,0,0,0,0,0,0,0,0,0,0,0,0,0,0,0,0,0,0,0,1,0,0,0,0,0,0,0,0,0,0,0,0,0,0,0,0,0,0,0,0,0,0,0,0,0,0,0,0,0,0,0,0,NA,0,0,0,0,0,0,0,0,0,0,0,0
46,9,chr9,114090512,chr9:114090512,frameshift,LOF,OR2K2,indel,OR,AAG,A,1,0,0.007936508,0,0,0,0,0,0,0,0,0,0,0,0,0,0,0,0,0,0,0,0,0,0,0,0,0,0,0,0,0,0,0,0,0,0,0,0,0,0,0,0,0,0,0,0,0,0,0,0,0,0,0,0,0,0,0,0,0,0,0,0,0,0,0,0,0,0,0,0,0,0,0,0,0,0,0,0,0,0,0,0,0,0,0,0,0,0,0,0,0,0,0,0,0,0,0,0,0,0,0,0,0,0,0,0,0,0,0,0,1,0,0,0,0,0,0,0,0,0,0,0,0,0,0,0,0,0,0,0,0,0,0,0,0
98,11,chr11,55999634,chr11:55999634,frameshift,LOF,OR5T2,indel,OR,A,AT,1,0,0.007936508,0,0,0,0,0,0,0,0,0,0,0,0,0,0,0,0,0,NA,0,0,0,0,0,0,0,0,NA,0,0,0,0,0,0,0,0,0,0,0,0,0,0,0,0,0,0,0,0,0,0,0,0,0,0,0,0,0,0,0,0,0,0,0,0,0,0,0,0,0,0,0,0,0,NA,0,0,0,0,0,0,0,0,0,0,1,0,0,0,0,0,0,0,0,0,0,0,0,0,0,0,0,0,0,0,0,0,0,0,0,0,0,0,0,0,0,0,0,0,0,0,0,NA,0,0,0,0,0,0,0,0,0,0,0,0
119,12,chr12,11214634,chr12:11214634,frameshift,LOF,TAS2R46,indel,TAS2,A,ACC,1,0,0.007936508,0,0,0,0,0,0,0,0,0,0,0,0,0,0,0,0,0,0,0,0,0,0,0,0,0,0,0,0,0,0,0,0,0,0,0,0,0,0,0,0,0,0,0,0,0,0,0,0,0,0,0,0,0,0,0,0,0,0,0,0,0,0,0,0,0,0,0,0,0,0,0,0,0,0,0,0,0,0,0,0,0,0,0,0,0,0,0,0,0,0,0,0,0,0,0,0,0,0,0,0,0,0,0,0,0,1,0,0,0,0,0,0,0,0,0,0,0,0,0,0,NA,0,0,0,0,0,0,0,0,0,0,0,0
131,12,chr12,55945306,chr12:55945306,frameshift,LOF,OR6C4,indel,OR,A,AT,1,0,0.007936508,0,0,0,0,0,0,0,0,0,0,0,0,0,0,0,0,0,0,0,0,0,0,0,0,NA,0,0,0,0,0,0,0,0,0,0,0,0,0,0,0,0,0,0,0,0,0,0,0,0,0,0,0,0,0,0,0,0,0,0,0,0,0,0,0,0,0,0,0,0,0,0,0,0,0,0,0,0,1,0,0,0,0,0,0,0,0,0,0,0,0,0,0,0,0,0,0,0,0,0,0,0,0,0,0,0,0,0,0,0,0,0,0,0,0,0,0,0,0,0,0,0,0,0,0,0,0,0,0,0,0,0,0,0
160,22,chr22,16448935,chr22:16448935,frameshift,LOF,OR11H1,indel,OR,AG,A,1,0,0.007936508,0,0,0,0,0,NA,0,0,0,0,0,0,0,0,0,0,0,0,0,0,0,0,0,0,NA,0,NA,0,0,0,NA,0,NA,0,0,0,NA,NA,0,0,0,0,0,0,0,0,NA,0,NA,0,0,0,NA,0,0,NA,NA,0,0,0,0,0,0,0,NA,0,0,0,0,0,0,0,NA,0,0,0,0,NA,0,0,NA,0,0,0,0,0,0,NA,0,0,0,1,0,0,0,0,0,0,0,0,0,0,0,0,0,0,0,0,0,0,0,0,0,0,0,0,0,NA,0,NA,0,0,0,0,0,0,0,0,0,0,0,0,0
201,2,chr2,240984570,chr2:240984570,stop_gained,LOF,OR6B3,SNP,OR,A,T,1,0,0.007936508,0,0,0,0,0,0,0,0,0,0,0,0,0,0,0,0,0,NA,0,0,0,0,0,0,NA,0,0,0,0,0,NA,0,NA,0,0,0,NA,0,0,0,0,0,0,0,0,0,NA,0,0,NA,0,0,NA,0,0,NA,0,0,0,0,0,0,0,0,0,0,0,0,0,0,0,0,NA,NA,0,0,0,0,0,0,0,0,0,0,0,0,0,0,0,0,0,0,0,0,0,0,0,0,0,0,1,0,0,0,0,0,0,0,0,0,0,0,0,0,0,0,0,NA,0,0,NA,0,0,0,0,0,0,0,0,0,0,0,0
229,11,chr11,7960888,chr11:7960888,stop_gained,LOF,OR10A3,SNP,OR,G,T,1,0,0.007936508,0,NA,0,0,0,0,0,0,0,0,0,0,0,0,0,0,0,NA,0,0,0,0,0,0,NA,0,0,0,0,0,0,0,NA,0,0,0,NA,0,0,0,0,0,0,0,0,0,NA,0,NA,NA,0,0,NA,0,0,NA,0,0,0,0,0,0,0,0,0,0,0,0,0,0,0,0,NA,0,0,0,0,NA,0,0,0,0,0,0,0,0,0,0,0,0,NA,0,0,0,0,0,0,0,0,NA,NA,0,0,0,0,0,0,0,0,0,0,0,0,0,0,0,0,0,0,1,NA,NA,0,0,0,0,0,0,0,0,0,NA,0
237,11,chr11,55371314,chr11:55371314,stop_gained,LOF,OR4C11,SNP,OR,A,T,1,0,0.007936508,0,0,0,0,0,0,0,0,0,0,0,0,0,0,0,0,0,0,0,0,0,0,0,0,NA,0,0,0,0,0,0,0,0,0,0,0,0,0,0,0,0,0,0,0,0,0,0,0,0,0,0,0,0,0,0,0,0,0,0,0,0,0,0,0,0,0,0,0,0,0,0,0,NA,0,0,0,0,0,0,0,1,0,0,0,NA,0,0,0,0,0,0,0,0,0,0,NA,0,0,0,0,0,0,0,0,0,0,0,0,0,0,0,0,NA,0,0,NA,0,0,NA,NA,0,0,0,0,0,0,NA,NA,0,0,0,0,0
239,11,chr11,55703194,chr11:55703194,stop_gained,LOF,OR5I1,SNP,OR,A,C,1,0,0.007936508,0,0,0,0,0,0,0,0,0,0,0,0,0,0,0,0,0,0,0,0,0,0,0,0,0,0,0,0,0,0,0,0,0,0,0,0,0,0,0,0,0,0,0,0,0,0,0,0,0,0,0,0,0,0,0,0,0,0,0,0,0,0,0,0,0,0,0,0,0,0,0,0,0,0,0,0,0,0,0,0,0,0,0,0,0,0,0,0,0,0,0,0,0,0,0,0,0,0,0,0,1,0,0,0,0,0,0,0,0,0,0,0,0,0,0,0,0,0,0,0,0,0,0,0,0,0,0,0,0,0,0,0,0
241,11,chr11,56185175,chr11:56185175,stop_gained,LOF,OR5R1,SNP,OR,A,C,1,0,0.007936508,0,0,0,0,0,0,0,0,0,0,0,0,0,0,0,0,0,0,0,0,0,0,0,0,0,0,0,0,0,0,0,0,0,0,0,0,0,0,0,0,0,0,0,0,0,0,0,0,0,0,0,0,0,0,0,0,0,0,0,0,0,0,0,0,0,0,0,0,0,0,0,0,0,0,0,0,0,0,0,0,0,0,0,1,0,0,0,0,0,0,0,0,0,0,0,0,0,0,0,0,0,0,0,0,0,0,0,0,0,0,0,0,0,0,0,0,0,0,0,0,0,0,0,0,0,0,0,0,0,0,0,0,0
260,14,chr14,20389312,chr14:20389312,stop_gained,LOF,OR4K5,SNP,OR,C,T,1,0,0.007936508,0,0,0,0,0,0,0,0,0,0,0,0,0,0,0,0,0,0,0,0,0,0,0,0,0,0,0,0,0,0,0,0,0,0,0,0,0,0,0,0,0,0,0,0,0,0,NA,0,0,0,0,0,0,0,0,0,0,0,0,0,0,0,0,0,0,0,0,0,0,0,0,0,0,0,0,0,0,0,0,0,0,0,0,0,0,0,0,0,0,0,0,0,0,0,0,1,0,0,0,0,0,0,0,0,0,0,0,0,0,0,0,0,0,0,0,0,0,0,0,0,0,0,0,0,0,0,0,0,0,0,0,0,0
60,11,chr11,4790873,chr11:4790873,frameshift,LOF,OR51F1,indel,OR,CG,C,59,0.421428571,0,0,1,2,2,1,0,1,1,1,1,0,0,0,0,0,1,0,1,1,1,0,2,1,1,1,1,2,1,0,0,0,1,NA,0,2,2,NA,0,0,0,2,0,2,0,1,1,1,1,1,1,0,2,NA,2,0,1,NA,2,1,2,1,1,1,2,1,1,1,1,1,1,0,0,NA,0,0,0,0,0,0,0,0,0,0,0,0,0,0,0,0,0,0,0,0,0,0,0,0,0,0,0,NA,0,0,0,0,0,0,0,0,0,0,0,0,0,0,0,0,0,0,0,0,0,0,0,0,0,0,0,0,0,0,0,0
81,11,chr11,6912921,chr11:6912921,frameshift,LOF,OR2D2,indel,OR,ATT,A,32,0.228571429,0,0,0,1,0,1,NA,1,0,0,0,0,0,0,0,0,0,0,0,1,1,0,0,0,0,0,0,NA,1,0,0,0,1,1,2,1,1,1,1,1,1,0,0,0,0,1,1,1,1,1,0,1,1,NA,1,0,0,1,1,1,1,1,0,0,1,0,0,1,1,0,0,0,0,0,0,0,0,0,NA,0,0,0,0,0,0,0,0,0,0,0,0,0,0,0,0,0,0,0,0,0,0,0,0,0,0,0,0,0,0,0,0,0,0,0,0,0,0,0,0,0,0,0,0,0,0,0,0,0,0,0,0,0,0,0
77,11,chr11,5863096,chr11:5863096,frameshift,LOF,OR52E6,indel,OR,G,GTA,29,0.207142857,0,0,0,0,0,0,0,0,0,0,0,0,0,0,0,0,0,0,0,0,0,0,0,0,0,NA,0,NA,1,1,1,1,2,1,1,0,1,1,1,0,1,0,0,0,0,0,2,2,1,1,1,1,1,0,0,1,2,0,0,1,1,1,0,0,0,0,1,0,1,0,0,0,0,0,0,0,0,0,0,0,0,0,0,0,0,0,0,0,0,0,0,0,0,0,0,0,0,0,0,0,0,0,0,0,0,0,0,0,0,0,0,0,0,0,0,0,0,0,0,0,0,0,0,0,0,0,0,0,0,0,0,0,0,0
132,12,chr12,55945584,chr12:55945584,frameshift,LOF,OR6C4,indel,OR,CTCTT,C,29,0.207142857,0,1,0,0,0,0,2,0,0,2,0,0,0,1,2,1,0,1,0,1,0,0,0,1,0,NA,0,NA,1,0,0,NA,0,NA,0,0,0,NA,NA,0,0,0,0,1,1,1,0,NA,0,0,NA,1,0,NA,1,0,NA,1,0,2,0,1,1,1,1,NA,0,2,1,1,0,0,0,NA,NA,0,0,0,0,0,0,0,0,0,0,0,0,0,0,0,0,0,0,0,0,0,0,0,0,0,NA,0,0,0,0,0,0,0,0,0,0,0,0,0,0,0,0,0,NA,0,0,NA,NA,0,0,0,0,0,0,0,NA,0,0,0
170,1,chr1,248790075,chr1:248790075,stop_gained,RESCUE,OR2T11,SNP,OR,A,G,29,0.207142857,0,0,1,1,0,NA,0,0,2,0,0,2,NA,2,0,1,1,1,0,2,2,1,0,0,0,NA,1,0,1,0,0,0,0,NA,0,0,0,NA,0,1,0,0,2,2,0,0,0,0,0,2,0,0,0,0,NA,0,0,0,1,0,0,0,0,1,0,1,1,0,0,0,0,0,0,0,NA,0,0,0,NA,0,0,0,0,0,0,0,0,0,0,0,0,NA,0,0,0,0,0,0,0,0,0,0,NA,NA,0,0,0,0,0,0,0,0,0,0,0,0,0,0,NA,0,0,NA,0,0,0,0,0,0,0,0,0,0,0,0
24,3,chr3,97806700,chr3:97806700,frameshift,LOF,OR5AC2,indel,OR,G,GA,27,0.192857143,0,0,0,0,0,0,0,0,0,0,0,0,0,1,1,0,0,1,0,0,0,0,0,0,0,0,0,NA,2,0,0,1,0,0,1,0,0,NA,0,1,1,1,1,0,1,1,1,0,1,0,0,0,0,1,1,0,1,0,1,1,1,1,0,0,1,0,1,1,1,0,1,0,0,0,0,0,0,0,0,0,0,0,0,0,0,0,0,0,0,0,0,0,0,0,0,0,0,0,0,0,0,0,0,0,0,0,0,0,0,0,0,0,0,0,0,0,0,0,0,0,0,0,0,0,0,0,0,0,0,0,0,0,0,0
82,11,chr11,6942588,chr11:6942588,frameshift,LOF,OR2D3,indel,OR,TC,T,24,0.171428571,0,0,0,0,0,0,2,1,0,0,0,0,0,0,0,0,0,0,1,0,0,0,0,0,0,1,0,NA,0,0,0,0,1,1,0,0,1,1,1,1,0,0,1,2,0,1,1,1,1,0,0,1,1,0,0,0,0,1,0,1,0,1,0,0,0,0,0,0,1,0,0,0,0,0,0,0,0,0,0,0,0,0,0,0,0,0,0,0,0,0,0,0,0,0,0,0,0,0,0,0,NA,0,0,0,0,0,0,0,0,0,0,0,0,0,0,0,0,0,0,0,0,NA,0,0,0,0,0,0,0,0,0,0,0,0
72,11,chr11,5475640,chr11:5475640,frameshift,LOF,OR51I2,indel,OR,CA,C,23,0.164285714,0,1,0,0,0,0,0,0,0,0,0,0,1,0,0,0,0,0,0,0,0,0,1,0,0,0,0,0,0,2,0,1,0,1,0,0,0,0,1,0,0,0,1,0,2,1,1,0,1,1,1,0,0,0,0,0,2,0,0,1,0,1,0,1,0,0,1,0,1,0,0,0,0,0,0,0,0,0,0,0,0,0,0,0,0,0,0,0,0,0,0,0,0,0,0,0,0,0,0,0,0,0,0,0,0,0,0,0,0,0,0,0,0,0,0,0,0,0,0,0,0,NA,0,0,0,0,0,0,0,0,0,0,0,0
128,12,chr12,55725981,chr12:55725981,frameshift,LOF,OR6C3,indel,OR,GT,G,19,0.135714286,0,0,0,0,0,0,0,0,0,0,0,0,0,0,0,0,0,0,0,0,0,0,0,0,0,0,0,0,1,0,1,1,0,0,1,0,1,1,0,0,1,1,1,0,0,0,2,0,2,1,0,0,0,0,0,1,0,1,0,0,1,0,0,0,0,0,1,0,1,0,0,0,0,0,0,0,0,0,0,0,0,0,0,0,0,0,0,0,0,0,0,0,0,0,0,0,0,0,0,0,0,0,0,0,0,0,0,0,0,0,0,0,0,0,0,0,0,0,0,0,0,0,0,0,0,0,0,0,0,0,0,0,0,0
14,1,chr1,248605354,chr1:248605354,frameshift,LOF,OR2T7,indel,OR,C,CT,18,0.128571429,0,0,1,0,0,0,0,0,1,0,1,1,0,NA,0,1,1,0,NA,0,1,1,0,0,1,0,0,NA,1,0,1,NA,0,NA,0,0,0,NA,0,0,0,0,0,1,0,0,0,NA,0,0,NA,0,0,NA,0,0,NA,0,1,1,1,0,0,0,1,NA,1,1,0,0,0,0,0,0,NA,0,0,0,0,0,0,0,0,0,0,0,0,0,0,0,0,0,0,0,0,0,0,0,0,0,0,NA,0,0,0,0,0,0,0,0,0,0,0,0,0,0,0,0,0,0,0,NA,0,0,0,0,0,0,0,0,0,0,0,0
16,1,chr1,248685829,chr1:248685829,frameshift,LOF,OR2G6,indel,OR,CAA,C,18,0.128571429,0,1,0,0,0,0,0,0,0,0,0,0,0,0,0,0,0,0,0,0,0,0,0,0,0,NA,0,NA,1,0,2,1,0,NA,0,0,1,1,1,1,1,1,1,1,0,0,0,NA,0,1,0,0,1,NA,0,0,1,1,0,0,1,0,0,0,0,0,0,0,0,0,0,0,0,NA,0,0,0,0,0,0,0,0,0,0,0,0,0,0,0,0,0,0,0,0,0,0,0,0,0,0,0,0,0,0,0,0,0,0,0,0,0,0,0,0,0,0,0,0,0,0,0,NA,0,0,0,0,0,0,0,0,0,0,0,0
20,1,chr1,248813309,chr1:248813309,frameshift,LOF,OR2T27,indel,OR,T,TA,18,0.128571429,0,0,0,0,0,NA,0,0,1,0,1,1,0,1,0,1,1,0,1,0,NA,1,0,0,1,NA,0,NA,1,0,0,NA,0,NA,0,0,0,NA,0,0,0,0,0,NA,0,0,0,0,0,0,1,0,0,1,0,0,NA,0,NA,1,1,0,0,1,1,0,1,1,0,0,0,0,0,NA,0,0,0,0,0,0,0,0,0,0,0,0,0,0,0,0,0,0,0,0,0,0,0,0,0,0,NA,0,0,0,0,0,0,0,0,0,0,0,0,0,0,0,0,0,0,0,0,NA,0,0,0,0,0,0,0,0,0,0,0,0
27,3,chr3,97888322,chr3:97888322,frameshift,LOF,OR5H15,indel,OR,T,TG,16,0.114285714,0,0,0,1,0,0,0,0,0,1,0,0,0,0,0,0,0,0,0,1,1,0,0,0,2,1,0,0,0,0,1,0,0,0,0,0,0,0,0,0,0,1,0,1,0,0,0,0,0,1,1,0,0,0,0,1,0,1,0,0,0,0,0,1,0,0,0,0,0,1,0,0,0,0,0,0,0,0,0,0,0,0,0,0,0,0,0,0,0,0,0,0,0,0,0,0,0,0,0,0,0,0,0,0,0,0,0,0,0,0,0,0,0,0,0,0,0,0,0,0,0,0,0,0,0,0,0,0,0,0,0,0,0,0
109,11,chr11,123777441,chr11:123777441,frameshift,LOF,OR8D4,indel,OR,G,GT,16,0.114285714,0,0,0,0,0,0,0,0,0,0,0,1,0,0,0,0,0,0,NA,0,1,1,0,1,0,0,0,0,0,1,0,1,0,1,0,0,0,0,1,0,0,0,0,1,1,0,0,1,0,0,0,0,0,1,0,0,NA,0,0,0,0,1,0,1,0,1,0,0,1,0,0,0,0,NA,0,0,0,0,0,0,0,0,0,0,0,0,0,0,0,0,0,0,0,0,0,0,0,0,0,0,0,0,0,0,0,0,0,0,0,0,0,0,0,0,0,0,0,0,0,0,0,0,0,0,0,0,0,0,0,0,0,0,0,0
23,3,chr3,97806298,chr3:97806298,frameshift,LOF,OR5AC2,indel,OR,AT,A,15,0.107142857,0,0,0,0,0,0,0,0,0,0,0,0,0,0,1,0,0,0,0,0,0,0,0,0,0,NA,0,1,2,0,0,1,0,0,0,0,0,0,0,0,0,1,0,0,1,1,0,0,0,0,0,0,0,0,1,0,0,0,1,0,0,1,0,0,1,0,0,1,1,0,1,0,0,0,0,0,0,0,0,0,0,0,0,0,0,0,0,0,0,0,0,0,0,0,0,0,0,0,0,0,0,0,0,0,0,0,0,0,0,0,0,0,0,0,0,0,0,0,0,0,0,0,0,0,0,0,0,0,0,0,0,0,0,0
183,7,chr7,142749439,chr7:142749439,start_lost,LOF,OR6V1,SNP,OR,T,C,14,0.1,0,0,0,1,0,NA,0,0,0,0,1,0,0,0,0,0,0,1,0,0,0,0,0,0,0,NA,0,1,0,0,0,0,0,NA,0,1,0,NA,0,1,1,0,1,1,1,1,0,NA,0,NA,NA,0,0,NA,0,0,1,1,0,0,0,1,0,0,0,0,0,0,0,0,0,0,0,0,0,0,0,0,0,0,0,0,0,0,0,0,0,0,0,0,0,0,0,0,0,0,0,0,0,0,NA,NA,0,0,0,0,0,0,0,0,0,0,0,0,0,0,0,0,NA,0,0,NA,NA,0,0,0,0,0,0,0,NA,0,0,0
256,12,chr12,55688418,chr12:55688418,stop_gained,LOF,OR6C6,SNP,OR,A,T,14,0.1,0,0,1,0,0,0,0,0,0,0,0,0,0,0,0,1,0,0,0,0,0,0,0,0,0,0,0,1,0,0,0,0,0,1,0,0,0,0,0,1,1,1,0,1,0,0,1,1,1,0,0,0,0,0,1,0,0,0,0,0,0,0,1,0,1,0,0,0,0,0,0,0,0,0,0,0,0,0,0,0,0,0,0,0,0,0,0,0,0,0,0,0,0,0,0,0,0,0,0,0,0,0,0,0,0,0,0,0,0,0,0,0,0,0,0,0,0,0,0,0,0,0,0,0,0,0,0,0,0,0,0,0,0,0
19,1,chr1,248790108,chr1:248790108,frameshift,LOF,OR2T11,indel,OR,CAG,C,13,0.092857143,0,0,0,0,2,2,2,0,0,0,0,0,NA,0,0,0,0,0,0,0,0,0,0,0,0,NA,0,0,0,0,0,0,0,NA,0,0,0,NA,NA,0,0,0,0,0,0,0,0,0,0,0,1,0,0,1,NA,0,1,0,0,1,1,0,0,1,0,0,1,0,0,0,0,0,0,0,NA,0,0,0,NA,0,0,0,0,0,0,0,0,0,0,0,0,NA,0,0,0,0,0,0,0,NA,0,0,NA,NA,0,0,0,0,0,0,0,0,0,0,0,0,0,0,NA,0,0,NA,0,0,0,0,0,0,0,0,0,0,NA,0
59,11,chr11,4608563,chr11:4608563,frameshift,LOF,OR52I2,indel,OR,TGAGTATG,T,13,0.092857143,0,0,1,0,0,NA,NA,0,0,0,1,0,0,0,0,1,0,0,0,0,0,0,0,0,0,NA,0,NA,0,0,0,NA,0,1,0,0,0,NA,NA,1,0,0,0,2,0,0,0,NA,0,NA,NA,0,0,NA,0,0,NA,0,1,0,0,1,0,1,0,1,0,0,1,0,1,0,0,0,NA,0,0,0,NA,0,0,NA,0,0,0,0,0,0,0,0,0,0,0,0,0,0,0,0,0,0,NA,0,0,0,0,0,0,0,0,0,0,0,0,0,0,0,0,0,NA,NA,0,NA,0,0,0,0,0,0,0,0,0,0,0,0
146,17,chr17,2966543,chr17:2966543,frameshift,LOF,OR1D5,indel,OR,TA,T,12,0.085714286,0,0,1,0,1,0,0,0,0,1,0,0,1,0,1,0,0,0,0,0,0,0,0,1,0,NA,0,NA,0,0,0,0,0,NA,0,0,1,1,1,0,0,0,0,0,0,0,0,1,0,0,0,0,0,0,0,0,0,0,1,0,0,0,0,0,0,0,0,0,0,0,1,0,0,0,NA,0,0,0,NA,0,0,0,0,0,0,0,0,0,0,0,0,0,0,0,0,0,0,0,0,0,0,0,0,0,0,0,0,0,0,0,0,0,0,0,0,0,0,0,0,0,0,0,0,0,0,0,0,0,0,0,0,0,0,0
148,17,chr17,3336400,chr17:3336400,frameshift,LOF,OR1E2,indel,OR,CCTTGCAGATA,C,12,0.085714286,0,0,0,0,0,0,0,0,1,0,0,0,0,0,0,0,1,0,0,0,0,0,0,0,1,NA,1,0,1,0,0,0,0,NA,0,0,0,0,0,0,0,1,1,1,0,0,0,NA,0,1,1,0,0,NA,0,0,0,0,0,0,0,0,0,1,0,0,0,0,0,1,0,0,0,0,0,0,0,0,NA,0,0,0,0,0,0,0,0,0,0,0,0,0,0,0,0,0,0,0,0,0,0,0,0,0,0,0,0,0,0,0,0,0,0,0,0,0,0,0,0,0,0,NA,0,0,0,0,0,0,0,0,0,0,0,0
134,14,chr14,20215994,chr14:20215994,frameshift,LOF,OR4Q3,indel,OR,CATGAACCCCCAGCT,C,11,0.078571429,0,0,0,1,0,1,1,0,0,1,0,0,0,0,0,0,1,0,0,0,0,1,0,0,0,NA,1,0,0,0,0,0,0,NA,0,1,0,0,0,0,0,1,0,0,0,0,1,NA,1,0,0,0,0,0,0,0,0,0,0,0,0,0,0,0,0,0,0,0,0,0,0,0,0,0,0,0,0,0,NA,0,0,0,0,0,0,0,0,0,0,0,0,0,0,0,0,0,0,0,0,0,0,0,0,0,0,0,0,0,0,0,0,0,0,0,0,0,0,0,0,0,0,NA,0,0,0,0,0,0,0,0,0,0,0,0
152,19,chr19,9226159,chr19:9226159,frameshift,LOF,OR7G1,indel,OR,TAA,T,11,0.078571429,0,0,0,0,0,0,0,0,0,0,0,0,1,0,0,0,0,0,0,0,0,0,1,0,0,0,0,0,1,0,0,2,0,1,0,0,0,0,0,0,0,0,0,0,0,0,0,0,0,0,1,0,0,0,0,0,1,0,0,1,0,0,0,1,0,0,0,0,0,1,0,0,0,0,0,0,0,0,NA,0,0,0,0,0,0,0,0,0,0,0,0,0,0,0,0,0,0,0,0,0,0,0,0,0,0,0,0,0,0,0,0,0,0,0,0,0,0,0,0,0,0,0,0,0,0,0,0,0,0,0,0,0,0,0
221,11,chr11,5968656,chr11:5968656,stop_gained,LOF,OR56A3,SNP,OR,G,A,11,0.078571429,0,0,0,0,0,0,0,0,0,0,0,0,0,0,0,0,0,0,0,0,0,0,0,0,0,0,0,NA,0,0,0,0,1,1,0,0,1,1,1,0,0,0,0,0,0,0,1,1,1,1,0,0,0,0,0,1,0,0,0,0,0,0,0,0,0,0,1,0,0,0,0,0,0,0,0,0,0,0,0,0,0,0,0,0,0,0,0,0,0,0,0,0,0,0,0,0,0,0,0,0,0,0,0,0,0,0,0,0,0,0,0,0,0,0,0,0,0,0,0,0,0,0,0,0,0,0,0,0,0,0,0,0,0,0
9,1,chr1,248525287,chr1:248525287,frameshift,LOF,OR2T4,indel,OR,CTACG,C,10,0.071428571,0,1,1,0,0,0,0,0,NA,0,2,1,0,0,0,0,2,0,0,0,0,0,0,0,1,NA,0,NA,0,0,NA,0,0,NA,0,0,0,NA,NA,0,0,0,0,0,0,1,0,NA,0,NA,0,1,0,NA,0,0,NA,0,0,0,0,0,0,0,0,0,0,0,0,0,0,0,0,NA,NA,0,0,0,NA,0,0,NA,0,0,0,0,NA,0,0,NA,0,0,NA,0,0,0,0,NA,0,0,NA,NA,0,0,0,0,0,0,0,0,0,0,0,0,0,0,0,0,NA,0,0,NA,0,0,0,0,0,0,0,0,NA,0,0,0
150,17,chr17,56233444,chr17:56233444,frameshift,LOF,OR4D1,indel,OR,G,GT,10,0.071428571,0,0,NA,0,0,0,0,0,0,0,0,0,0,0,0,0,0,0,0,0,0,0,0,0,0,NA,0,NA,0,0,0,NA,0,NA,1,0,0,1,0,0,0,0,0,0,0,0,0,0,0,0,1,0,2,0,0,1,1,0,0,1,0,0,0,0,0,NA,0,0,0,1,1,0,0,NA,NA,0,0,0,NA,0,0,0,0,0,0,0,0,0,NA,0,0,0,0,0,0,0,0,0,0,0,0,0,0,0,0,0,0,0,0,0,0,0,0,0,0,0,0,0,0,0,0,NA,0,0,0,NA,0,NA,0,0,0,0,0,0
151,19,chr19,9225549,chr19:9225549,frameshift,LOF,OR7G1,indel,OR,CA,C,10,0.071428571,0,0,NA,0,0,0,0,0,0,0,0,0,0,0,0,0,0,0,0,0,0,0,0,0,0,NA,0,NA,0,1,0,0,0,NA,1,0,0,NA,NA,0,0,0,1,1,0,0,0,0,0,1,NA,0,0,NA,0,0,0,0,0,1,2,0,0,0,0,0,1,1,0,0,0,0,0,0,0,0,0,0,NA,0,0,0,0,0,0,0,0,0,0,0,0,0,0,0,0,0,0,0,0,0,0,0,0,0,0,0,0,0,0,0,0,0,0,0,0,0,0,0,0,0,0,0,0,0,0,0,0,0,0,0,0,0,0,0
222,11,chr11,6150628,chr11:6150628,stop_gained,LOF,OR56B3P,SNP,OR,G,A,10,0.071428571,0,0,0,0,0,0,0,0,0,0,0,1,0,0,0,0,0,0,0,0,0,0,0,0,0,0,0,0,0,1,0,1,0,0,0,1,0,0,1,0,0,0,1,0,1,0,0,NA,1,1,0,0,0,NA,0,0,0,0,1,0,0,0,0,0,0,0,0,0,0,0,0,0,0,0,0,0,0,0,0,0,0,0,0,0,0,0,0,0,0,0,0,0,0,0,0,0,0,0,0,0,0,0,0,0,0,0,0,0,0,0,0,0,0,0,0,0,0,0,0,0,0,0,0,0,0,0,0,0,0,0,0,0,0,0
12,1,chr1,248569674,chr1:248569674,frameshift,LOF,OR2T1,indel.m,OR,AT,"GT,A",9,0.064285714,0,0,0,0,1,0,0,0,0,0,0,1,2,0,0,0,0,0,0,0,1,0,0,0,2,0,0,0,0,0,0,0,0,0,0,0,1,1,0,0,0,0,0,0,0,0,0,0,0,0,0,0,0,0,0,0,0,0,0,0,0,0,0,0,0,0,0,0,0,0,0,0,0,0,0,0,0,0,0,0,0,0,0,0,0,0,0,0,0,0,0,0,0,0,0,0,0,0,0,0,0,0,0,0,0,0,0,0,0,0,0,0,0,0,0,0,0,0,0,0,0,0,0,0,0,0,0,0,0,0,0,0,0,0
65,11,chr11,5221438,chr11:5221438,frameshift,LOF,OR51V1,indel,OR,TAAAG,T,9,0.064285714,0,0,1,0,0,0,0,1,0,0,0,1,0,0,0,0,0,1,0,0,0,0,0,0,0,1,0,0,0,0,0,0,0,0,0,0,0,0,0,0,0,0,0,0,0,1,0,0,0,0,0,0,1,0,0,0,0,1,0,0,0,0,0,0,0,1,0,0,0,0,0,0,0,0,0,0,0,0,0,0,0,0,0,0,0,0,0,0,0,0,0,0,0,0,0,0,0,0,0,0,0,0,0,0,0,0,0,0,0,0,0,0,0,0,0,0,0,0,0,0,0,0,0,0,0,0,0,0,0,0,0,0,0,0
79,11,chr11,6816288,chr11:6816288,frameshift,LOF,OR6A2,indel,OR,CAG,C,9,0.064285714,0,0,0,0,0,0,0,0,0,0,0,0,0,0,0,0,0,0,0,0,0,0,0,0,0,0,0,0,0,1,0,0,0,0,0,0,0,0,0,0,0,0,0,1,0,0,1,0,0,0,1,1,1,0,0,0,1,0,0,1,0,0,0,0,0,1,0,0,0,0,0,0,0,0,0,0,0,0,0,0,0,0,0,0,0,0,0,0,0,0,0,0,0,0,0,0,0,0,0,0,0,0,0,0,0,0,0,0,0,0,0,0,0,0,0,0,0,0,0,0,0,0,0,0,0,0,0,0,0,0,0,0,0,0
75,11,chr11,5566550,chr11:5566550,frameshift,LOF,OR52H1,indel,OR,GA,G,8,0.057142857,0,0,0,0,0,0,0,0,0,0,0,0,0,0,0,0,0,0,0,0,0,1,0,0,0,0,0,0,0,0,0,0,1,0,0,0,1,1,0,0,0,0,0,0,0,0,1,1,1,1,0,0,0,0,0,0,0,0,0,0,0,0,0,0,0,0,0,0,0,0,0,0,0,0,0,0,0,0,0,0,0,0,0,0,0,0,0,0,0,0,0,0,0,0,0,0,0,0,0,0,0,0,0,0,0,0,0,0,0,0,0,0,0,0,0,0,0,0,0,0,0,0,0,0,0,0,0,0,0,0,0,0,0,0
177,11,chr11,55541098,chr11:55541098,stop_gained,RESCUE,OR5D13,SNP,OR,G,A,8,0.057142857,0,0,0,0,1,0,0,1,1,0,0,0,0,0,0,0,0,0,0,0,0,0,1,0,0,NA,0,0,0,0,1,0,0,0,0,0,0,1,0,0,0,0,0,0,0,0,0,0,0,0,0,0,0,0,0,1,0,0,0,0,0,0,0,0,0,0,0,0,0,1,0,0,0,0,0,0,0,0,0,0,0,0,0,0,0,0,0,0,0,0,0,0,0,0,0,0,0,0,0,0,0,0,0,0,0,0,0,0,0,0,0,0,0,0,0,0,0,0,0,0,0,0,0,0,0,0,0,0,0,0,0,0,0,0
224,11,chr11,6913540,chr11:6913540,stop_gained,LOF,OR2D2,SNP,OR,G,T,8,0.057142857,0,0,0,0,0,0,0,0,0,0,0,1,0,0,0,0,0,0,0,0,0,0,0,0,0,0,0,0,0,1,0,1,0,0,0,0,0,0,1,0,0,0,1,0,1,0,0,0,1,1,0,0,0,0,0,0,0,0,0,0,0,0,0,0,0,0,0,0,0,0,0,0,0,0,0,0,0,0,0,0,0,0,0,0,0,0,0,0,0,0,0,0,0,0,0,0,0,0,0,0,0,0,0,0,0,0,0,0,0,0,0,0,0,0,0,0,0,0,0,0,0,0,0,0,0,0,0,0,0,0,0,0,0,0
5,1,chr1,248129415,chr1:248129415,frameshift,LOF,OR2AK2,indel,OR,TTG,T,7,0.05,0,0,0,0,0,0,0,0,0,0,0,0,0,0,0,0,0,0,0,0,1,0,0,0,0,0,0,0,0,0,1,0,0,0,0,0,1,1,1,0,1,1,0,0,0,0,0,0,0,0,0,0,0,0,0,0,0,0,0,0,0,0,0,0,0,0,0,0,0,0,0,0,0,0,0,0,0,0,0,0,0,0,0,0,0,0,0,0,0,0,0,0,0,0,0,0,0,0,0,0,0,0,0,0,0,0,0,0,0,0,0,0,0,0,0,0,0,0,0,0,0,0,0,0,0,0,0,0,0,0,0,0,0,0
33,7,chr7,143747822,chr7:143747822,frameshift,LOF,OR2A5,indel,OR,ACT,A,7,0.05,0,0,0,0,0,0,0,0,1,0,0,1,0,0,0,0,0,0,0,1,0,1,0,0,0,NA,0,NA,0,0,1,0,0,0,0,0,0,0,0,1,1,0,0,0,0,0,0,0,0,0,NA,0,0,NA,0,0,0,0,0,0,0,0,0,0,0,0,0,0,0,0,0,0,0,0,0,0,0,0,0,0,0,0,0,0,0,0,0,0,0,0,0,0,0,0,0,0,0,0,0,0,0,0,0,0,0,0,0,0,0,0,0,0,0,0,0,0,0,0,0,0,0,0,0,0,0,0,0,0,0,0,0,0,0,0
69,11,chr11,5364541,chr11:5364541,frameshift,LOF,OR51B5,indel,OR,CCAGCCCCAGGTCTGTGG,C,7,0.05,0,0,0,0,2,0,0,0,0,1,0,0,0,0,0,1,0,1,0,0,0,0,0,0,0,NA,0,1,0,0,0,NA,0,NA,0,0,0,NA,0,0,0,0,0,0,0,0,0,NA,0,0,NA,0,0,NA,0,1,0,0,0,0,0,0,0,0,0,0,0,0,0,0,0,0,0,NA,0,0,0,0,NA,0,0,0,0,0,0,0,0,0,0,0,0,0,0,0,0,0,0,0,0,0,NA,0,0,0,0,0,0,0,0,0,0,0,0,0,0,0,0,0,0,0,0,0,NA,0,0,0,0,0,0,0,0,0,0,0
157,19,chr19,14952680,chr19:14952680,frameshift,LOF,OR7A10,indel,OR,AT,A,7,0.05,0,0,0,0,0,0,0,0,0,0,0,0,0,0,0,0,0,0,NA,0,0,0,0,0,0,0,0,NA,0,0,1,0,0,0,0,0,1,0,0,0,0,2,0,0,1,0,0,2,0,0,0,0,0,0,0,0,0,0,0,0,0,0,0,0,0,0,0,0,0,0,0,0,0,NA,0,0,0,0,0,0,0,0,0,0,0,0,0,0,0,0,0,0,0,0,0,0,0,0,0,0,0,0,0,0,0,0,0,0,0,0,0,0,0,0,0,0,0,0,0,0,0,0,0,0,0,0,0,0,0,0,0,0,0,0
197,1,chr1,248112952,chr1:248112952,stop_gained,LOF,OR2L8,SNP,OR,C,T,6,0.042857143,0,0,0,0,0,0,0,0,0,0,0,0,0,0,0,0,0,0,0,0,1,0,1,0,0,0,0,NA,0,0,1,0,0,0,0,0,0,0,1,0,1,1,0,0,0,0,0,0,0,0,NA,0,0,NA,0,0,NA,0,0,0,0,0,0,0,0,0,0,0,0,0,0,0,0,0,0,0,0,0,NA,0,0,0,0,0,0,0,0,0,0,0,0,0,0,0,0,0,0,0,0,0,0,0,0,0,0,0,0,0,0,0,0,0,0,0,0,0,0,0,0,0,0,0,0,0,0,0,0,0,0,0,0,0,0,0
45,9,chr9,107457556,chr9:107457556,frameshift,LOF,OR13D1,indel,OR,G,GTGAA,5,0.035714286,0,0,0,0,0,0,0,0,0,0,1,0,1,0,0,0,0,1,0,1,1,0,0,0,0,NA,0,NA,0,0,0,0,0,0,0,0,0,0,0,0,0,0,0,0,0,0,0,0,0,0,0,0,0,0,0,0,0,0,0,0,0,0,0,0,0,0,0,0,0,0,0,0,0,0,0,0,0,0,0,0,0,0,0,0,0,0,0,0,0,0,0,0,0,0,0,0,0,0,0,0,0,0,0,0,0,0,0,0,0,0,0,0,0,0,0,0,0,0,0,0,0,NA,0,0,0,0,0,0,0,0,0,0,0,0
47,9,chr9,125273385,chr9:125273385,frameshift,LOF,OR1J2,indel,OR,A,AT,5,0.035714286,0,0,0,0,0,0,0,0,0,0,0,1,0,0,1,0,0,0,0,0,0,0,0,0,0,0,0,0,0,0,0,0,1,1,0,0,0,0,0,0,0,0,0,0,0,0,0,0,0,0,0,1,0,NA,0,0,0,0,0,0,0,0,0,0,0,0,0,0,0,0,0,0,0,0,0,0,0,0,0,0,0,0,0,0,0,0,0,0,0,0,0,0,0,0,0,0,0,0,0,0,0,0,0,0,0,0,0,0,0,0,0,0,0,0,0,0,0,0,0,0,0,0,0,0,0,0,0,0,0,0,0,0,0,0
93,11,chr11,55703098,chr11:55703098,frameshift,LOF,OR5I1,indel,OR,AT,A,5,0.035714286,0,0,0,1,0,1,0,0,0,0,0,1,0,0,0,0,0,0,0,0,1,0,0,0,0,0,1,0,0,0,0,0,0,0,0,0,0,0,0,0,0,0,0,0,0,0,0,0,0,0,0,0,0,0,0,0,0,0,0,0,0,0,0,0,0,0,0,0,0,0,0,0,0,0,0,0,0,0,0,0,0,0,0,0,0,0,0,0,0,0,0,0,0,0,0,0,0,0,0,0,0,0,0,0,0,0,0,0,0,0,0,0,0,0,0,0,0,0,0,0,0,0,0,0,0,0,0,0,0,0,0,0,0,0
193,1,chr1,158576687,chr1:158576687,stop_gained,LOF,OR10Z1,SNP,OR,C,A,5,0.035714286,0,0,1,0,0,0,0,0,0,1,0,0,0,1,0,0,0,0,0,0,0,0,0,0,0,0,0,0,0,0,0,0,0,0,0,0,0,0,0,0,0,0,0,0,0,0,0,0,0,0,0,0,0,0,1,0,0,0,0,0,0,0,1,0,0,0,0,0,0,0,0,0,0,0,0,0,0,0,0,0,0,0,0,0,0,0,0,0,0,0,0,0,0,0,0,0,0,0,0,0,0,0,0,0,0,0,0,0,0,0,0,0,0,0,0,0,0,0,0,0,0,0,0,0,0,0,0,0,0,0,0,0,0,0
210,7,chr7,143807008,chr7:143807008,stop_gained,LOF,OR2A2,SNP,OR,C,A,5,0.035714286,0,0,0,0,0,0,0,0,0,0,0,0,0,0,0,0,0,0,0,0,0,0,0,0,0,NA,0,0,1,1,0,0,0,NA,0,0,0,0,0,0,1,0,0,0,1,1,0,NA,0,0,0,0,0,NA,0,0,0,0,0,0,0,0,0,0,0,0,0,0,0,0,0,0,0,NA,0,0,0,NA,0,NA,0,0,0,0,0,0,0,0,0,0,0,0,0,0,0,0,0,0,0,0,NA,0,0,0,0,0,0,0,0,0,0,0,0,0,0,0,0,0,0,0,0,NA,0,0,0,0,0,0,0,0,0,0,0,0
219,11,chr11,5798943,chr11:5798943,stop_gained,LOF,OR52N5,SNP,OR,G,A,5,0.035714286,0,0,0,0,0,0,0,0,NA,0,0,0,0,0,0,0,0,0,0,0,0,0,0,0,0,0,0,0,0,0,1,1,1,1,0,0,0,0,0,0,0,0,0,0,0,0,0,1,0,0,0,0,0,0,0,0,0,0,0,0,0,0,0,0,0,0,0,0,0,0,0,0,0,0,0,0,0,0,0,0,0,0,0,0,0,0,0,0,0,0,0,0,0,0,0,0,0,0,0,0,0,0,0,NA,0,0,NA,0,NA,NA,0,NA,NA,0,0,0,0,0,0,0,0,0,0,NA,0,0,0,0,0,0,NA,NA,NA,0
228,11,chr11,7960191,chr11:7960191,stop_gained,LOF,OR10A3,SNP,OR,G,A,5,0.035714286,0,0,0,0,0,0,0,0,0,0,0,0,0,0,0,0,0,0,0,0,0,0,0,0,0,0,0,0,0,0,0,0,0,0,0,0,0,0,0,0,0,0,0,0,0,0,0,0,0,0,0,0,1,0,0,0,0,1,0,0,0,1,0,0,0,0,0,0,1,0,1,0,0,0,0,0,0,0,0,0,0,0,0,0,0,0,0,0,0,0,0,0,0,0,0,0,0,0,0,0,0,0,0,0,0,0,0,0,0,0,0,0,0,0,0,0,0,0,0,0,0,0,0,0,0,0,0,0,0,0,0,0,0,0
242,11,chr11,56310356,chr11:56310356,stop_gained,LOF,OR5M11,SNP,OR,A,T,5,0.035714286,0,0,0,1,0,0,0,0,0,1,0,0,0,2,0,0,0,0,0,0,0,0,0,0,0,NA,0,0,0,0,0,0,0,NA,0,0,0,NA,0,0,0,0,0,0,0,0,0,0,0,0,0,0,1,NA,0,0,0,0,0,0,0,0,0,0,0,0,0,0,0,0,0,0,0,NA,0,0,0,0,0,0,0,0,0,0,0,0,0,0,0,0,0,0,0,0,0,0,0,0,0,0,0,0,0,0,0,0,0,0,0,0,0,0,0,0,0,0,0,0,NA,0,0,0,0,0,0,0,0,0,0,0,0,0,0,0
3,1,chr1,247835614,chr1:247835614,frameshift,LOF,OR13G1,indel,OR,CT,C,4,0.028571429,0,0,0,0,0,0,0,0,0,0,0,0,0,0,0,0,0,0,0,0,0,0,0,0,0,NA,0,0,0,0,0,0,0,0,0,0,0,0,0,0,0,0,0,0,0,0,0,0,0,0,0,0,1,0,0,0,1,0,0,0,2,0,0,0,0,0,0,0,0,0,0,0,0,0,0,0,0,0,0,0,0,0,0,0,0,0,0,0,0,0,0,0,0,0,0,0,0,0,0,0,NA,0,0,0,0,0,0,0,0,0,0,0,0,0,0,0,0,0,0,0,0,0,0,0,0,0,0,0,0,0,0,0,0,0
25,3,chr3,97852320,chr3:97852320,frameshift,LOF,OR5H1,indel,OR,T,TG,4,0.028571429,0,0,0,0,0,0,0,0,0,0,0,0,0,0,0,0,0,0,0,0,0,0,0,0,0,0,0,0,0,0,1,0,0,0,0,0,0,0,0,0,0,1,0,0,0,0,0,0,0,NA,0,0,0,0,0,0,0,1,0,0,0,0,0,0,0,0,0,0,0,1,0,0,0,NA,0,0,0,0,0,0,0,0,0,0,0,0,0,0,0,0,0,0,0,0,0,0,0,0,0,0,0,0,0,0,0,0,0,0,0,0,0,0,0,0,0,0,0,0,0,0,0,0,0,0,0,0,0,0,0,0,0,0,0,0
35,7,chr7,144015523,chr7:144015523,frameshift,LOF,OR2A1,indel,OR,CTGTT,C,4,0.028571429,0,0,1,0,0,1,0,0,0,0,0,0,0,0,0,0,0,0,0,0,0,0,0,0,0,0,0,NA,0,0,0,0,0,NA,0,0,0,0,1,0,0,0,0,0,0,0,0,1,0,0,NA,0,0,NA,0,0,NA,0,0,0,0,0,0,0,0,0,NA,0,0,0,0,0,0,0,0,0,0,0,0,0,NA,0,0,0,0,0,0,0,0,0,0,0,0,0,0,0,0,0,0,0,0,0,0,0,0,0,0,0,0,0,0,0,0,0,0,0,0,0,0,0,0,NA,0,0,0,0,0,0,0,0,0,0,0,0
84,11,chr11,51515412,chr11:51515412,frameshift,LOF,OR4C46,indel,OR,TGGTCACCATCACTGCCAGCCCATCACTGG,T,4,0.028571429,0,0,0,0,1,0,0,0,0,0,0,0,0,0,0,0,1,0,0,0,0,0,0,0,0,0,0,0,0,0,0,0,0,0,0,0,0,0,0,1,1,0,0,0,0,0,0,0,0,0,0,0,0,NA,0,0,0,0,0,0,0,0,0,0,0,0,0,0,0,0,0,0,0,0,0,0,0,0,0,0,0,0,0,0,0,0,0,0,0,0,0,0,0,0,0,0,0,0,0,0,0,0,0,0,0,0,0,0,0,0,0,0,0,0,0,0,0,0,0,0,0,0,0,0,0,0,0,0,0,0,0,0,0,0
86,11,chr11,55111231,chr11:55111231,frameshift,LOF,OR4A16,indel,OR,GTT,G,4,0.028571429,0,0,1,0,0,0,0,0,0,0,0,0,0,0,1,0,1,0,0,0,0,0,0,0,0,NA,0,0,0,0,0,0,0,NA,0,0,0,0,0,1,0,0,0,0,0,0,0,NA,0,0,0,0,0,NA,0,0,0,0,0,0,0,0,0,0,0,0,0,0,0,0,0,0,0,0,0,0,0,0,0,0,0,0,0,0,0,0,0,0,0,0,0,0,0,0,0,0,0,0,0,0,NA,0,0,0,0,0,0,0,0,0,0,0,0,0,0,0,0,0,0,0,0,0,0,0,0,0,0,0,0,0,0,0,0,0
87,11,chr11,55111234,chr11:55111234,frameshift,LOF,OR4A16,indel,OR,G,GCA,4,0.028571429,0,0,1,0,0,NA,0,0,0,0,0,0,0,0,1,0,1,0,0,0,0,0,0,0,0,NA,0,NA,0,0,0,0,0,NA,0,0,0,0,0,1,0,0,0,0,0,0,0,NA,0,0,0,0,0,NA,0,0,0,0,0,0,0,0,0,0,0,0,0,0,0,0,0,0,0,0,0,0,0,0,0,0,0,0,0,0,0,0,0,0,0,0,0,0,0,0,0,0,0,0,0,0,NA,0,0,0,0,0,0,0,0,0,0,0,0,0,0,0,0,0,0,0,0,0,0,0,0,0,0,0,0,0,0,0,0,0
88,11,chr11,55322610,chr11:55322610,frameshift,LOF,OR4C15,indel,OR,CTCTCTGAGAACACACAGTTCTGAAG,C,4,0.028571429,0,0,1,0,0,0,0,0,0,0,0,0,0,0,1,0,1,0,0,0,0,0,0,0,0,0,0,0,0,0,0,0,0,0,0,0,0,0,0,1,0,0,0,0,0,0,0,0,0,0,0,0,0,0,0,0,0,0,0,0,0,0,0,0,0,0,0,0,0,0,0,0,0,0,0,0,0,0,0,0,0,0,0,0,0,0,0,0,0,0,0,0,0,0,0,0,0,0,0,0,0,0,0,0,0,0,0,0,0,0,0,0,0,0,0,0,0,0,0,0,0,0,0,0,0,0,0,0,0,0,0,0,0,0
89,11,chr11,55339770,chr11:55339770,frameshift,LOF,OR4C16,indel,OR,CA,C,4,0.028571429,0,0,1,0,0,0,0,0,0,0,0,0,0,0,1,0,1,0,0,0,0,0,0,0,0,0,0,NA,0,0,0,0,0,0,0,0,0,0,0,1,0,0,0,0,0,0,0,0,0,0,0,0,0,0,0,0,0,0,0,0,0,0,0,0,0,0,0,0,0,0,0,0,0,0,0,0,0,0,0,0,0,0,0,0,0,0,0,0,0,0,0,0,0,0,0,0,0,0,0,0,0,0,0,0,0,0,0,0,0,0,0,0,0,0,0,0,0,0,0,0,0,0,0,0,0,0,0,0,0,0,0,0,0,0
90,11,chr11,55406761,chr11:55406761,frameshift,LOF,OR4P4,indel,OR,CAACT,C,4,0.028571429,0,0,0,0,0,0,1,0,0,0,0,0,0,0,0,0,0,0,0,0,0,0,0,0,0,NA,0,0,0,0,0,0,1,0,0,1,0,0,0,0,0,0,0,0,0,0,0,0,1,0,0,0,0,0,0,0,0,0,0,0,0,0,0,0,0,0,0,0,0,0,0,0,0,0,0,0,0,0,NA,0,0,0,0,0,0,NA,0,0,0,0,0,0,0,0,0,0,NA,0,0,0,NA,0,0,0,0,0,0,0,0,0,0,0,0,NA,0,0,NA,0,0,NA,NA,NA,0,0,0,0,0,NA,NA,0,0,0,0,0
96,11,chr11,55861277,chr11:55861277,frameshift,LOF,OR8I2,indel,OR,GT,G,4,0.028571429,0,0,0,1,0,0,0,0,0,0,0,0,0,0,0,0,0,0,0,0,0,0,0,1,0,NA,0,0,0,0,0,0,0,0,0,0,0,0,0,0,0,0,0,0,0,0,0,0,0,0,0,0,0,0,0,0,0,0,0,0,0,0,0,0,1,0,0,1,0,0,0,0,0,0,0,0,0,0,0,0,0,0,0,0,0,0,0,0,0,0,0,0,0,0,0,0,0,0,0,0,0,0,0,0,0,0,0,0,0,0,0,0,0,0,0,0,0,0,0,0,0,0,0,0,0,0,0,0,0,0,0,0,0,0
97,11,chr11,55861306,chr11:55861306,frameshift,LOF,OR8I2,indel,OR,CA,C,4,0.028571429,0,0,0,1,0,0,0,0,0,0,0,0,0,0,0,0,0,0,0,0,0,0,0,1,0,NA,0,0,0,0,0,0,0,0,0,0,0,NA,0,0,0,0,0,0,0,0,0,0,0,0,0,0,0,0,0,0,0,0,0,0,0,0,0,0,1,0,0,1,0,0,0,0,0,0,0,0,0,0,0,0,0,0,0,0,0,0,0,0,0,0,0,0,0,0,0,0,0,0,0,0,0,0,0,0,0,0,0,0,0,0,0,0,0,0,0,0,0,0,0,0,0,0,0,0,0,0,0,0,0,0,0,0,0,0
108,11,chr11,59271099,chr11:59271099,frameshift,LOF,OR4D11,indel,OR,TACTC,T,4,0.028571429,0,0,0,0,0,0,0,0,0,0,0,0,0,0,0,0,2,0,0,0,0,0,0,0,0,0,0,NA,0,0,0,1,0,0,0,0,0,NA,0,0,0,0,0,1,0,0,0,0,0,0,0,0,0,NA,0,0,0,0,0,0,0,0,0,0,0,0,0,0,0,0,0,0,0,NA,0,0,0,0,0,0,0,0,0,0,0,0,0,0,0,0,0,0,0,0,0,0,0,0,0,0,0,0,0,0,0,0,0,0,0,0,0,0,0,0,0,0,0,0,0,0,0,0,0,0,0,0,0,0,0,0,0,0,0,0
124,12,chr12,11339074,chr12:11339074,frameshift,LOF,TAS2R42,indel,TAS2,TTGAG,T,4,0.028571429,0,0,0,0,0,0,0,0,0,0,0,0,0,0,0,0,0,0,0,0,0,0,0,0,0,0,0,1,0,0,0,0,0,0,0,0,0,0,0,0,0,0,0,0,0,0,0,0,0,0,0,1,0,0,0,0,0,0,0,1,0,0,0,1,0,0,0,0,0,0,0,0,0,0,0,0,0,0,0,0,0,0,0,0,0,0,0,0,0,0,0,0,0,0,0,0,0,0,0,0,0,0,0,0,0,0,0,0,0,0,0,0,0,0,0,0,0,0,0,0,0,NA,0,0,0,0,0,0,0,0,0,0,0,0
144,14,chr14,22038470,chr14:22038470,frameshift,LOF,OR10G3,indel,OR,GCA,G,4,0.028571429,0,0,0,1,0,1,0,0,0,1,0,0,0,0,0,0,0,0,0,0,0,0,0,0,0,NA,1,NA,0,0,0,0,0,0,0,0,0,NA,0,0,0,0,0,0,0,0,0,0,0,0,NA,0,0,NA,0,0,0,0,0,0,0,0,0,0,0,0,0,0,0,NA,0,0,0,NA,0,0,0,0,0,0,0,0,0,0,0,0,0,0,0,0,0,0,0,0,0,0,0,0,0,0,0,NA,0,0,0,0,0,0,0,0,0,0,0,0,0,0,0,0,0,0,0,0,0,0,0,0,0,0,0,0,0,0,0,0
159,19,chr19,16060421,chr19:16060421,frameshift,LOF,OR10H4,indel,OR,AT,A,4,0.028571429,0,0,0,0,0,NA,0,0,0,0,0,0,0,0,0,0,0,0,0,0,0,0,0,0,0,NA,0,NA,1,0,0,0,0,0,0,0,0,NA,0,0,0,1,0,0,1,0,0,1,0,NA,NA,0,0,NA,0,0,NA,0,0,0,0,0,0,0,0,0,0,0,0,0,0,0,0,NA,NA,0,0,0,0,0,0,0,0,0,0,0,0,0,0,0,0,0,0,0,0,0,0,0,0,0,NA,0,0,0,0,0,0,0,0,0,0,0,0,0,0,0,0,0,0,0,0,NA,0,0,0,0,0,0,0,0,0,0,0,0
206,7,chr7,141619168,chr7:141619168,stop_gained,LOF,OR9A4,SNP,OR,C,T,4,0.028571429,0,0,0,0,0,0,0,0,0,0,0,0,0,0,0,0,0,0,0,0,0,0,0,0,0,0,0,0,0,0,0,0,0,0,0,0,0,0,0,0,0,0,0,0,0,1,0,0,0,0,0,0,1,0,0,0,0,1,0,0,1,0,0,0,0,0,0,0,0,0,0,0,0,0,0,0,0,0,0,0,0,0,0,0,0,0,0,0,0,0,0,0,0,0,0,0,0,0,0,0,0,0,0,0,0,0,0,0,0,0,0,0,0,0,0,0,0,0,0,0,0,0,0,0,0,0,0,0,0,0,0,0,0,0
213,9,chr9,125330096,chr9:125330096,stop_gained,LOF,OR1L8,SNP,OR,G,A,4,0.028571429,0,0,NA,0,0,0,0,0,0,0,0,0,0,0,0,0,0,0,0,0,0,0,0,0,0,0,0,NA,0,0,0,0,0,0,0,0,0,0,0,0,0,0,0,0,0,0,0,0,0,0,1,0,0,NA,0,0,1,0,0,0,0,0,0,1,0,0,0,0,0,0,1,0,0,0,0,0,0,0,0,0,0,0,0,0,0,0,0,0,0,0,0,0,0,0,0,0,0,0,0,0,0,0,0,0,0,0,0,0,0,0,0,0,0,0,0,0,0,0,0,0,0,0,0,0,0,0,0,0,0,0,0,0,0,0
233,11,chr11,55110903,chr11:55110903,stop_gained,LOF,OR4A16,SNP,OR,C,A,4,0.028571429,0,0,1,0,0,0,0,0,0,0,0,0,0,0,1,0,1,0,0,0,0,0,0,0,0,NA,0,0,0,0,0,0,0,NA,0,0,0,0,0,1,0,0,0,0,0,0,0,NA,0,0,0,0,0,NA,0,0,0,0,0,0,0,0,0,0,0,NA,0,0,0,0,0,0,0,0,0,0,0,0,0,0,0,0,0,0,0,0,0,0,0,0,0,0,0,0,0,0,0,0,0,0,NA,0,0,0,0,0,0,0,0,0,0,0,0,0,0,0,0,0,0,0,0,0,0,0,0,0,0,0,0,0,0,0,0,0
240,11,chr11,55861650,chr11:55861650,stop_gained,LOF,OR8I2,SNP,OR,C,G,4,0.028571429,0,0,0,1,0,0,0,0,0,0,0,0,0,0,0,0,0,0,0,0,0,0,0,1,0,0,0,0,0,0,0,0,0,0,0,0,0,0,0,0,0,0,0,0,0,0,0,0,0,0,0,0,0,0,0,0,0,0,0,0,0,0,0,0,1,0,0,1,0,0,0,0,0,0,0,0,0,0,0,0,0,0,0,0,0,0,0,0,0,0,0,0,0,0,0,0,0,0,0,0,0,0,0,0,0,0,0,0,0,0,0,0,0,0,0,0,0,0,0,0,0,0,0,0,0,0,0,0,0,0,0,0,0,0
247,11,chr11,123909134,chr11:123909134,stop_gained,LOF,OR10G7,SNP,OR,G,T,4,0.028571429,0,0,NA,0,0,0,NA,0,0,0,0,1,0,0,0,1,0,0,0,0,1,0,0,0,0,NA,0,NA,0,0,0,NA,0,NA,0,0,0,NA,NA,0,0,0,0,0,0,0,0,NA,0,NA,NA,0,0,NA,0,0,NA,0,NA,0,0,0,0,1,0,0,0,0,0,0,0,0,0,NA,NA,0,0,0,NA,0,0,NA,0,0,0,0,0,0,0,0,0,0,0,0,0,0,0,0,0,NA,NA,NA,0,0,0,0,0,0,0,0,0,0,0,0,0,0,0,0,0,0,NA,NA,NA,0,0,NA,0,0,0,0,0,0,0,0
249,12,chr12,10959534,chr12:10959534,stop_gained,LOF,TAS2R8,SNP,TAS2,C,A,4,0.028571429,0,0,0,0,1,0,0,0,0,0,0,0,0,0,0,0,0,1,0,0,0,1,0,0,0,0,1,0,0,0,0,0,0,0,0,0,0,0,0,0,0,0,0,0,0,0,0,0,0,0,0,0,0,NA,0,0,0,0,0,0,0,0,0,0,0,0,0,0,0,0,0,0,0,0,0,0,0,0,0,0,0,0,0,0,0,0,0,0,0,0,0,0,0,0,0,0,0,0,0,0,0,0,0,0,0,0,0,0,0,0,0,0,0,0,0,0,0,0,0,0,0,0,0,0,0,0,0,0,0,0,0,0,0,0
259,14,chr14,20216064,chr14:20216064,stop_gained,LOF,OR4Q3,SNP,OR,C,T,4,0.028571429,0,0,0,0,0,0,0,1,0,0,0,0,0,0,0,0,0,0,0,0,0,0,0,1,0,NA,0,0,0,0,1,0,0,NA,1,0,0,0,0,0,0,0,0,0,0,0,0,NA,0,NA,0,0,0,NA,0,0,0,0,0,0,0,0,0,0,0,0,0,0,0,0,0,0,0,0,NA,0,0,0,NA,0,0,0,0,0,0,0,0,0,0,0,0,0,0,0,0,0,0,0,0,0,0,0,0,0,0,0,0,0,0,0,0,0,0,0,0,0,0,0,0,0,0,0,0,0,0,0,0,0,0,0,0,0,0,0
43,9,chr9,107379699,chr9:107379699,frameshift,LOF,OR13C9,indel,OR,TG,T,3,0.021428571,0,0,0,0,0,0,0,0,0,0,0,0,0,0,0,0,0,0,0,0,0,0,0,0,0,NA,0,NA,0,0,0,0,0,0,0,0,0,0,0,0,0,0,0,0,0,0,0,0,0,0,0,0,0,0,0,0,0,0,0,0,0,0,1,0,1,0,0,1,0,0,0,0,0,0,0,0,0,0,0,0,0,0,0,0,0,0,0,0,0,0,0,0,0,0,0,0,0,0,0,0,0,0,0,0,0,0,0,0,0,0,0,0,0,0,0,0,0,0,0,0,0,0,0,0,0,0,0,0,0,0,0,0,0,0
142,14,chr14,20666339,chr14:20666339,frameshift,LOF,OR11G2,indel,OR,AC,A,3,0.021428571,0,0,0,0,0,0,0,0,0,0,0,0,0,0,0,0,0,0,0,0,0,0,0,0,0,NA,0,NA,0,1,0,0,0,NA,0,0,0,0,0,0,0,0,0,0,1,0,0,0,0,1,0,0,0,NA,0,0,0,0,0,0,0,0,0,0,0,0,0,0,0,0,0,0,0,0,0,0,0,0,0,0,0,0,0,0,0,0,0,0,0,0,0,0,0,0,0,0,0,0,0,0,0,0,0,0,0,0,0,0,0,0,0,0,0,0,0,0,0,0,0,0,0,NA,0,0,0,0,0,0,0,0,0,0,0,0
155,19,chr19,9297203,chr19:9297203,frameshift,LOF,OR7D2,indel,OR,CT,C,3,0.021428571,0,0,0,0,0,0,0,0,0,0,0,0,0,0,0,0,0,0,0,0,0,0,0,0,0,NA,0,0,0,0,0,0,0,NA,1,0,0,0,0,0,0,0,0,0,0,0,0,0,0,1,0,0,0,NA,0,0,0,0,0,0,0,0,0,0,0,0,1,0,0,0,0,0,0,0,0,0,0,0,0,0,0,0,0,0,0,0,0,0,0,0,0,0,0,0,0,0,0,0,0,0,NA,0,0,0,0,0,0,0,0,0,0,0,0,0,0,0,0,0,0,0,0,NA,0,0,0,0,0,0,0,0,0,0,0,0
185,11,chr11,5474721,chr11:5474721,start_lost,LOF,OR51I2,SNP,OR,G,C,3,0.021428571,0,0,0,0,0,0,0,0,0,0,0,0,0,0,0,0,0,0,0,0,0,0,0,0,0,NA,0,0,0,0,0,0,0,0,0,0,0,NA,0,0,0,0,0,0,0,0,0,NA,0,0,0,1,0,NA,0,0,0,0,0,1,0,0,0,0,0,1,0,0,0,0,0,0,0,0,0,0,0,0,0,0,0,0,0,0,0,0,0,0,0,0,0,0,0,0,0,0,0,0,0,0,0,0,0,0,0,0,0,0,0,0,0,0,0,0,0,0,0,0,0,0,0,0,0,0,0,0,0,0,0,0,0,0,0,0
188,11,chr11,123865867,chr11:123865867,start_lost,LOF,OR10G6,SNP,OR,A,G,3,0.021428571,0,0,0,0,0,0,0,0,0,0,0,0,0,0,0,0,0,0,0,0,0,0,0,0,0,NA,0,NA,0,0,0,NA,0,NA,0,0,0,NA,1,0,0,0,0,0,0,0,0,NA,0,NA,NA,0,0,NA,0,0,0,0,0,0,0,1,0,0,0,0,0,0,1,0,0,0,0,NA,0,0,0,0,NA,0,0,0,0,0,0,0,0,0,0,0,0,0,0,0,0,0,0,0,0,0,NA,0,0,0,0,0,0,0,0,0,0,0,0,0,0,0,0,0,NA,0,0,NA,0,0,0,0,0,0,0,0,0,0,0,0
226,11,chr11,7846966,chr11:7846966,stop_gained,LOF,OR5P3,SNP,OR,A,T,3,0.021428571,0,0,0,0,0,0,0,0,0,0,0,0,0,0,0,0,0,0,0,0,0,0,0,0,0,NA,0,0,0,0,0,0,0,0,0,0,0,0,0,0,0,0,0,0,0,0,0,0,0,0,1,0,0,1,0,0,0,0,0,0,0,0,0,1,0,0,0,0,0,0,0,0,0,0,0,0,0,0,0,0,0,0,0,0,0,0,0,0,0,0,0,0,0,0,0,0,0,0,0,0,0,0,0,0,0,0,0,0,0,0,0,0,0,0,0,0,0,0,0,0,0,0,0,0,0,0,0,0,0,0,0,0,0,0
264,15,chr15,22368791,chr15:22368791,stop_gained,LOF,OR4M2,SNP,OR,G,A,3,0.021428571,0,0,0,0,0,0,0,0,0,0,0,0,0,0,0,0,0,0,0,0,0,0,0,0,0,0,0,0,0,0,0,0,0,0,0,0,0,0,0,0,0,0,0,0,0,0,0,0,0,1,0,1,0,0,0,0,0,0,0,0,0,0,0,0,0,0,0,0,1,0,0,0,0,0,0,0,0,0,0,0,0,0,0,0,0,0,0,0,0,0,0,0,0,0,0,0,0,0,0,0,0,0,0,0,0,0,0,0,0,0,0,0,0,0,0,0,0,0,0,0,0,0,0,0,0,0,0,0,0,0,0,0,0,0
266,15,chr15,102346598,chr15:102346598,stop_gained,LOF,OR4F6,SNP,OR,C,T,3,0.021428571,0,0,1,0,0,0,0,0,0,0,0,0,0,0,0,0,0,0,0,0,0,0,0,0,0,0,0,0,0,0,0,0,0,0,0,0,0,0,0,0,0,1,0,0,0,0,0,0,0,0,0,0,0,0,0,1,0,0,0,0,0,0,0,0,0,0,0,0,0,0,0,0,0,0,0,0,0,0,0,0,0,0,0,0,0,0,0,0,0,0,0,0,0,0,0,0,0,0,0,0,0,0,0,0,0,0,0,0,0,0,0,0,0,0,0,0,0,0,0,0,0,0,0,0,0,0,0,0,0,0,0,0,0,0
13,1,chr1,248604929,chr1:248604929,frameshift,LOF,OR2T7,indel,OR,T,TG,2,0.014285714,0,0,NA,0,0,NA,0,0,NA,0,0,0,NA,0,0,0,0,1,NA,0,0,0,0,0,1,NA,0,NA,0,0,0,NA,0,NA,0,0,0,NA,NA,0,0,0,0,0,0,0,0,NA,0,NA,NA,0,0,NA,0,0,NA,NA,0,0,0,0,0,0,0,0,0,0,0,0,NA,0,0,0,0,0,NA,0,0,NA,0,0,0,0,0,0,0,0,0,0,0,0,0,0,0,0,0,0,0,0,NA,0,0,0,0,0,0,0,0,0,0,0,0,0,0,0,0,0,NA,NA,NA,0,NA,0,0,0,0,0,0,0,NA,0,0,0
18,1,chr1,248790010,chr1:248790010,frameshift,LOF,OR2T11,indel,OR,CAA,C,2,0.014285714,0,0,0,0,0,NA,NA,0,0,0,0,0,NA,1,0,1,0,0,0,0,0,0,0,0,0,NA,0,0,0,0,0,0,0,NA,0,0,0,NA,0,0,0,NA,0,0,0,0,0,0,0,NA,NA,0,0,NA,NA,0,0,0,0,0,0,0,0,0,0,0,0,0,0,0,0,0,0,0,NA,0,0,0,NA,0,0,NA,0,0,0,0,0,0,0,0,0,0,0,0,0,0,0,NA,NA,NA,NA,0,NA,NA,0,0,0,0,0,0,0,0,0,0,0,0,0,0,NA,0,0,NA,0,0,0,0,0,NA,0,0,NA,0,NA,0
31,7,chr7,141464320,chr7:141464320,frameshift,LOF,TAS2R3,indel,TAS2,GGC,G,2,0.014285714,0,0,0,0,0,0,0,0,0,0,0,0,0,0,0,0,0,0,0,0,0,0,0,0,0,NA,0,0,0,1,0,0,0,0,0,0,0,0,0,0,0,0,0,0,0,0,0,0,0,1,0,0,0,0,0,0,0,0,0,0,0,0,0,0,0,0,0,0,0,0,0,0,0,0,0,0,0,0,0,0,0,0,0,0,0,0,0,0,0,0,0,0,0,0,0,0,0,0,0,0,0,0,0,0,0,0,0,0,0,0,0,0,0,0,0,0,0,0,0,0,0,0,0,0,0,0,0,0,0,0,0,0,0,0
50,9,chr9,125437739,chr9:125437739,frameshift,LOF,OR1L3,indel,OR,GAT,G,2,0.014285714,0,0,0,0,0,0,0,0,0,0,0,0,0,0,0,0,0,0,0,0,0,0,0,0,0,0,0,0,0,0,0,0,0,0,0,0,0,0,1,0,0,0,0,0,0,0,1,0,0,0,0,0,0,0,0,0,0,0,0,0,0,0,0,0,0,0,0,0,0,0,0,0,0,0,0,0,0,0,0,0,0,0,0,0,0,0,0,0,0,0,0,0,0,0,0,0,0,0,0,0,0,0,0,0,0,0,0,0,0,0,0,0,0,0,0,0,0,0,0,0,0,0,0,0,0,0,0,0,0,0,0,0,0,0
54,11,chr11,4471366,chr11:4471366,frameshift,LOF,OR52K2,indel,OR,T,TA,2,0.014285714,0,0,0,1,0,0,0,0,0,0,0,0,0,0,0,0,0,0,0,0,0,0,0,0,0,NA,0,0,0,0,0,0,0,0,0,1,0,0,0,0,0,0,0,0,0,0,0,0,0,0,0,0,0,0,0,0,0,0,0,0,0,0,0,0,0,0,0,0,0,0,0,0,0,0,0,0,0,0,0,0,0,0,0,0,0,0,0,0,0,0,0,0,0,0,0,0,0,0,0,0,0,0,0,0,0,0,0,0,0,0,0,0,0,0,0,0,0,0,0,0,0,0,0,0,0,0,0,0,0,0,0,0,0,0
58,11,chr11,4608460,chr11:4608460,frameshift,LOF,OR52I2,indel,OR,GT,G,2,0.014285714,0,0,0,0,0,0,1,0,0,0,0,0,0,0,0,0,0,0,0,0,0,0,0,0,0,NA,0,1,0,0,0,0,0,NA,0,0,0,NA,NA,0,0,0,0,0,0,0,0,NA,0,0,NA,0,0,NA,0,0,NA,0,0,0,0,0,0,0,0,0,0,0,0,0,0,0,0,NA,0,0,0,0,NA,NA,0,0,0,0,0,0,0,0,0,0,0,NA,0,0,0,0,0,0,0,0,NA,0,0,0,0,0,0,0,0,0,0,0,0,0,0,0,0,0,NA,0,0,NA,NA,0,0,0,0,0,0,0,0,0,0,0
73,11,chr11,5510498,chr11:5510498,frameshift,LOF,OR52D1,indel,OR,G,GC,2,0.014285714,0,0,0,0,0,0,0,0,0,0,0,1,0,0,0,0,0,0,0,0,0,0,1,0,0,NA,0,0,0,0,0,0,0,0,0,0,0,NA,0,0,0,0,0,0,0,0,0,NA,0,0,0,0,0,NA,0,0,0,0,0,0,0,0,0,0,0,0,0,0,0,0,0,0,0,0,0,0,0,0,0,0,0,0,0,0,0,0,0,0,0,0,0,0,0,0,0,0,0,0,0,0,NA,0,0,0,0,0,0,0,0,0,0,0,0,0,0,0,0,0,0,0,0,0,0,0,0,0,0,0,0,0,0,0,0,0
99,11,chr11,56020203,chr11:56020203,frameshift,LOF,OR5T3,indel,OR,T,TGCTTCCTACGTTGCTG,2,0.014285714,0,0,0,0,0,0,0,0,0,0,0,0,0,0,0,0,0,0,0,0,0,0,0,0,0,0,0,0,0,0,0,0,0,0,0,0,0,0,0,0,0,0,0,0,0,0,0,0,0,0,0,0,0,0,0,1,0,0,0,0,0,0,0,0,0,0,0,0,0,1,0,0,0,0,0,0,0,0,0,0,0,0,0,0,0,0,0,0,0,0,0,0,0,0,0,0,0,0,0,0,0,0,0,0,0,0,0,0,0,0,0,0,0,0,0,0,0,0,0,0,0,0,0,0,0,0,0,0,0,0,0,0,0,0
110,11,chr11,124120618,chr11:124120618,frameshift,LOF,OR8G1,indel,OR,CT,C,2,0.014285714,0,0,0,0,0,0,0,0,0,0,1,0,0,0,0,0,0,0,0,0,0,0,0,0,0,0,0,NA,0,0,0,0,0,0,0,0,0,0,0,0,0,0,0,0,0,0,0,0,0,0,0,0,0,NA,0,0,0,0,1,0,0,0,0,0,0,0,0,0,0,0,0,0,0,0,0,0,0,0,0,0,0,0,0,0,0,0,0,0,0,0,0,0,0,0,0,0,0,0,0,0,0,0,0,0,0,0,0,0,0,0,0,0,0,0,0,0,0,0,0,0,0,0,0,0,0,0,0,0,0,0,0,0,0,0
111,11,chr11,124121287,chr11:124121287,frameshift,LOF,OR8G1,indel,OR,A,ATTTATAGCCTGAGGAATAAAGATGTCCATGTTTCCCTGAAGAAAAT,2,0.014285714,0,0,1,0,0,0,0,0,0,0,0,NA,0,0,0,0,0,0,0,0,0,0,0,0,0,NA,0,NA,0,0,0,0,0,0,0,0,0,0,1,0,0,0,0,0,0,0,0,0,0,0,0,0,0,0,0,0,NA,0,0,0,0,0,0,0,0,0,0,0,0,0,0,0,0,NA,NA,0,0,0,0,0,0,0,0,0,0,0,0,0,0,0,0,0,0,0,0,0,0,0,0,0,NA,0,0,0,0,0,0,0,0,0,0,0,0,0,0,0,NA,0,0,0,NA,0,0,0,0,NA,0,0,0,0,NA,0,0,0
139,14,chr14,20528600,chr14:20528600,frameshift,LOF,OR4L1,indel,OR,AG,A,2,0.014285714,0,1,0,0,0,0,0,0,0,0,0,0,0,0,0,0,0,0,0,0,0,0,1,0,0,0,0,0,0,0,0,0,0,0,0,0,0,0,0,0,0,0,0,0,0,0,0,0,0,0,0,0,0,0,0,0,0,0,0,0,0,0,0,0,0,0,0,0,0,0,0,0,0,0,0,0,0,0,0,0,0,0,0,0,0,0,0,0,0,0,0,0,0,0,0,0,0,0,0,0,0,0,0,0,0,0,0,0,0,0,0,0,0,0,0,0,0,0,0,0,0,0,0,0,0,0,0,0,0,0,0,0,0,0
140,14,chr14,20665906,chr14:20665906,frameshift,LOF,OR11G2,indel,OR,C,CA,2,0.014285714,0,0,0,0,0,0,1,0,0,0,0,0,0,0,0,0,0,0,1,0,0,0,0,0,0,NA,0,0,0,0,0,0,0,0,0,0,0,0,0,0,0,0,0,0,0,0,0,0,0,0,0,0,0,0,0,0,0,0,0,0,0,0,0,0,0,0,0,0,0,0,0,0,0,0,NA,0,0,0,0,0,0,0,0,0,0,0,0,0,0,0,0,0,0,0,0,0,0,0,0,0,0,0,0,0,0,0,0,0,0,0,0,0,0,0,0,0,0,0,NA,0,0,0,0,0,0,0,0,0,0,0,0,0,0,0
145,15,chr15,22382741,chr15:22382741,frameshift,LOF,OR4N4,indel,OR,AG,A,2,0.014285714,0,0,0,0,0,0,0,0,0,0,1,0,0,0,0,0,0,0,0,0,0,0,0,0,0,NA,NA,0,0,0,0,0,0,0,0,0,0,0,0,0,0,0,0,0,0,0,0,0,0,0,0,0,0,0,0,0,0,0,0,0,0,0,0,0,0,0,1,0,0,0,0,0,0,0,0,0,0,0,0,0,0,0,0,0,0,0,0,0,0,0,0,0,0,0,0,0,0,0,0,0,0,0,0,0,0,0,0,0,0,0,0,0,0,0,0,0,0,0,0,0,0,0,0,0,0,0,0,0,0,0,0,0,0,0
147,17,chr17,3100936,chr17:3100936,frameshift,LOF,OR1A2,indel,OR,AATCTGCTCATC,A,2,0.014285714,0,0,0,0,0,0,0,0,0,0,0,0,0,0,0,0,0,0,1,0,0,0,0,1,0,0,0,0,0,0,0,0,0,0,0,0,0,0,0,0,0,0,0,0,0,0,0,0,0,0,0,0,0,0,0,0,0,0,0,0,0,0,0,0,0,0,0,0,0,0,0,0,0,0,0,0,0,0,0,0,0,0,0,0,0,0,0,0,0,0,0,0,0,0,0,0,0,0,0,0,0,0,0,0,0,0,0,0,0,0,0,0,0,0,0,0,0,0,0,0,0,0,0,0,0,0,0,0,0,0,0,0,0,0
149,17,chr17,56232679,chr17:56232679,frameshift,LOF,OR4D1,indel,OR,CCA,C,2,0.014285714,0,0,0,0,0,0,0,0,0,0,0,0,0,0,0,0,0,0,0,0,0,0,0,0,0,NA,0,NA,0,0,NA,NA,0,NA,0,0,0,NA,0,0,0,0,0,0,0,0,0,NA,0,NA,NA,0,0,NA,0,1,NA,NA,0,0,0,0,0,0,0,0,0,0,0,0,1,0,0,NA,NA,0,0,0,0,0,0,0,0,0,0,0,0,0,0,0,0,0,0,0,0,0,0,0,0,0,0,0,0,0,0,0,0,0,0,0,0,0,0,0,0,0,0,0,0,0,0,NA,0,0,0,0,0,0,0,0,NA,0,0,0
208,7,chr7,143175352,chr7:143175352,stop_gained,LOF,TAS2R41,SNP,TAS2,G,A,2,0.014285714,0,0,0,0,0,0,0,0,0,0,0,0,0,0,0,0,0,0,0,0,0,0,0,0,0,NA,0,0,0,0,0,1,0,0,0,0,0,0,0,0,0,0,0,0,0,0,0,1,0,0,0,0,0,0,0,0,0,0,0,0,0,0,0,0,0,0,0,0,0,0,0,0,0,0,0,0,0,0,0,0,0,0,0,0,0,0,0,0,0,0,0,0,0,0,0,0,0,0,0,0,0,0,0,0,0,0,0,0,0,0,0,0,0,0,0,0,0,0,0,0,0,0,0,0,0,0,0,0,0,0,0,0,0,0
211,7,chr7,143826648,chr7:143826648,stop_gained,LOF,OR2A14,SNP,OR,G,A,2,0.014285714,0,0,0,0,0,0,0,0,0,0,0,0,0,0,0,0,0,0,0,0,0,0,0,0,0,NA,0,NA,0,0,0,0,1,NA,0,0,0,NA,NA,0,0,0,0,0,0,0,1,0,0,NA,NA,0,0,NA,0,0,0,0,0,0,0,0,0,0,0,0,0,0,0,0,0,0,0,NA,0,0,0,0,0,0,0,0,0,0,0,0,0,0,0,0,0,0,0,0,0,0,0,0,0,NA,NA,0,0,0,0,0,0,0,0,0,0,0,0,0,0,0,0,0,0,0,0,NA,0,0,0,0,0,0,0,0,NA,0,0,0
1,1,chr1,158533298,chr1:158533298,frameshift,LOF,OR6P1,indel,OR,C,CA,1,0.007142857,0,0,0,1,0,0,0,0,0,0,0,0,0,0,0,0,0,0,0,0,0,0,0,0,0,NA,0,NA,0,0,0,0,0,NA,0,0,0,0,0,0,0,0,0,0,0,0,0,0,0,0,0,0,0,NA,0,0,0,0,NA,0,0,0,0,0,0,0,0,0,0,0,0,0,0,0,0,0,0,0,0,0,0,0,0,0,0,0,0,0,0,0,0,0,0,0,0,0,0,0,0,0,0,0,0,0,0,0,0,0,0,0,0,0,0,0,0,0,0,0,0,0,0,0,0,0,0,0,0,0,0,0,0,0,0,0
15,1,chr1,248636765,chr1:248636765,frameshift,LOF,OR2T3,indel,OR,T,TC,1,0.007142857,0,0,0,0,0,0,0,0,0,0,0,0,0,0,0,1,0,0,0,0,0,0,0,0,0,0,0,NA,0,0,NA,0,0,NA,0,0,0,0,0,0,0,0,0,0,0,0,0,0,0,NA,0,0,0,NA,0,0,0,0,0,0,0,0,0,0,0,0,0,0,0,0,0,0,0,0,0,0,0,0,0,0,0,0,0,0,0,0,0,0,0,0,0,0,0,0,0,0,0,0,0,0,0,0,0,0,0,0,0,0,0,0,0,0,0,0,0,0,0,0,0,0,NA,0,0,0,0,0,0,0,0,0,0,0,0,0
17,1,chr1,248737943,chr1:248737943,frameshift,LOF,OR2T34,indel,OR,A,AG,1,0.007142857,0,0,0,NA,0,0,0,NA,NA,0,0,0,NA,NA,0,NA,0,0,0,0,0,0,0,0,0,NA,0,0,0,0,0,0,1,NA,NA,0,NA,NA,0,0,0,0,0,NA,0,0,0,0,0,0,0,0,0,0,0,0,NA,0,0,0,0,0,0,0,0,0,0,0,0,0,0,0,0,0,0,0,0,0,0,0,0,0,0,0,0,0,0,0,0,0,0,0,0,0,0,0,0,0,0,0,0,0,0,NA,0,0,0,0,0,0,0,0,0,0,0,0,0,0,0,0,0,0,0,0,0,0,0,0,0,0,0,0,0,0
21,1,chr1,248814103,chr1:248814103,frameshift,LOF,OR2T27,indel,OR,AAG,A,1,0.007142857,0,0,0,0,0,0,0,0,0,0,0,0,0,0,0,0,0,0,0,0,0,1,0,0,0,0,0,0,0,0,0,0,0,NA,0,0,0,0,0,0,0,0,0,0,0,0,0,0,0,0,NA,0,0,0,0,0,0,0,0,0,0,0,0,0,0,0,0,0,0,0,0,0,0,0,0,0,0,0,0,0,0,0,0,0,0,0,0,0,0,0,0,0,0,0,0,0,0,0,0,0,0,0,0,0,0,0,0,0,0,0,0,0,0,0,0,0,0,0,0,0,0,0,0,0,0,0,0,0,0,0,0,0,0,0
32,7,chr7,142919577,chr7:142919577,frameshift,LOF,TAS2R40,indel,TAS2,AG,A,1,0.007142857,0,0,0,0,0,0,0,0,1,0,0,0,0,0,0,0,0,0,0,0,0,0,0,0,0,NA,0,0,0,0,0,0,0,0,0,0,0,0,0,0,0,0,0,0,0,0,0,0,0,0,0,0,0,0,0,0,0,0,0,0,0,0,0,0,0,0,0,0,0,0,0,0,0,0,0,0,0,0,0,0,0,0,0,0,0,0,0,0,0,0,0,0,0,0,0,0,0,0,0,0,0,0,0,0,0,0,0,0,0,0,0,0,0,0,0,0,0,0,0,0,0,0,0,0,0,0,0,0,0,0,0,0,0,0
42,9,chr9,107367901,chr9:107367901,frameshift,LOF,OR13C2,indel,OR,CA,C,1,0.007142857,0,0,0,0,0,0,0,0,0,0,0,0,0,0,0,0,0,1,0,0,0,0,0,0,0,NA,0,NA,0,0,0,0,0,NA,0,0,0,0,NA,0,0,0,0,NA,0,0,0,0,0,0,0,0,0,0,0,0,0,0,0,0,0,0,0,0,0,0,0,0,0,0,0,0,0,0,0,0,0,0,0,0,0,0,0,0,0,0,0,0,0,0,0,0,0,0,0,0,0,0,0,0,0,0,0,0,0,0,0,0,0,0,0,0,0,0,0,0,0,0,0,0,0,0,0,0,0,0,0,0,0,0,0,0,0,0
44,9,chr9,107456809,chr9:107456809,frameshift,LOF,OR13D1,indel,OR,GA,G,1,0.007142857,0,0,0,0,0,0,0,0,0,0,0,0,0,0,0,0,0,0,0,0,0,0,0,0,0,0,0,NA,0,0,0,0,0,0,0,0,0,NA,0,0,0,0,0,0,0,0,0,0,0,0,0,0,0,NA,0,1,0,0,0,0,0,0,0,0,0,0,0,0,0,0,0,0,0,0,0,0,0,0,NA,0,0,0,0,0,0,0,0,0,0,0,0,0,0,0,0,0,0,0,0,0,NA,0,0,0,0,0,0,0,0,0,0,0,0,0,0,0,0,0,0,0,0,0,0,0,0,0,0,0,0,0,0,0,0,0
48,9,chr9,125273785,chr9:125273785,frameshift,LOF,OR1J2,indel,OR,C,CA,1,0.007142857,0,0,0,0,0,0,0,0,0,0,0,0,0,0,0,0,0,0,0,0,0,0,0,0,0,NA,0,NA,0,0,0,0,0,0,0,0,0,NA,0,0,0,0,0,0,1,0,0,NA,0,NA,0,0,0,NA,0,0,0,0,0,0,0,0,0,0,0,0,0,0,0,0,0,0,0,0,0,0,0,0,0,0,0,0,0,0,0,0,0,0,0,0,0,0,0,0,0,0,0,0,0,0,NA,0,0,0,0,0,0,0,0,0,0,0,0,0,0,0,0,0,0,0,0,NA,0,0,0,0,0,0,0,0,0,0,0,0
56,11,chr11,4566980,chr11:4566980,frameshift,LOF,OR52M1,indel,OR,T,TA,1,0.007142857,0,0,0,0,0,0,0,0,0,0,0,0,0,0,0,0,0,0,0,0,0,0,0,0,0,NA,0,0,0,0,0,0,0,NA,0,0,0,NA,0,0,0,1,0,0,0,0,0,NA,0,0,NA,0,0,NA,0,0,0,0,0,0,0,0,0,0,0,0,0,0,0,0,0,0,0,0,0,0,0,0,NA,0,0,0,0,0,0,0,0,0,0,0,0,0,0,0,0,0,0,0,0,0,NA,0,0,0,0,0,0,0,0,0,0,0,0,0,0,0,0,0,0,0,0,NA,0,0,0,0,0,0,0,0,0,0,0,0
57,11,chr11,4567236,chr11:4567236,frameshift,LOF,OR52M1,indel,OR,T,TC,1,0.007142857,0,0,NA,0,0,0,NA,0,0,0,0,0,0,0,0,0,0,0,0,0,0,0,1,0,0,NA,0,NA,0,0,0,0,0,NA,0,0,0,NA,0,0,0,0,0,0,0,0,0,NA,0,0,NA,0,0,NA,0,0,NA,0,0,0,0,0,0,0,0,0,0,0,0,0,0,0,0,0,0,0,0,0,0,0,0,0,0,0,0,0,0,0,0,0,0,0,0,0,0,0,0,0,NA,0,NA,0,0,0,0,0,0,0,0,0,0,0,0,0,0,0,0,0,NA,0,0,0,0,0,0,0,0,0,0,0,NA,0,0,0
64,11,chr11,5221426,chr11:5221426,frameshift,LOF,OR51V1,indel,OR,TG,T,1,0.007142857,0,0,0,0,0,0,0,0,0,0,0,0,0,0,1,0,0,0,0,0,0,0,0,0,0,0,0,0,0,0,0,0,0,0,0,0,0,0,0,0,0,0,0,0,0,0,0,0,0,0,0,0,0,0,0,0,0,0,0,0,0,0,0,0,0,0,0,0,0,0,0,0,0,0,0,0,0,0,0,0,0,0,0,0,0,0,0,0,0,0,0,0,0,0,0,0,0,0,0,0,0,0,0,0,0,0,0,0,0,0,0,0,0,0,0,0,0,0,0,0,0,0,0,0,0,0,0,0,0,0,0,0,0,0
66,11,chr11,5322477,chr11:5322477,frameshift,LOF,OR51B4,indel,OR,AT,A,1,0.007142857,0,0,0,0,0,0,0,0,0,0,0,0,0,0,0,0,0,0,0,0,0,0,0,0,0,0,0,NA,0,0,0,0,0,0,0,0,0,0,0,0,0,0,0,1,0,0,0,0,0,0,0,0,0,0,0,0,0,0,0,0,0,0,0,0,0,0,0,0,0,0,0,0,0,0,0,0,0,0,0,0,0,0,0,0,0,0,0,0,0,0,0,0,0,0,0,0,0,0,0,0,0,0,0,0,0,0,0,0,0,0,0,0,0,0,0,0,0,0,0,0,0,0,0,0,0,0,0,0,0,0,0,0,0,0
67,11,chr11,5363851,chr11:5363851,frameshift,LOF,OR51B5,indel,OR,GA,G,1,0.007142857,0,0,0,0,0,0,0,0,0,0,0,0,0,0,1,0,0,0,0,0,0,0,0,0,0,0,0,0,0,0,0,0,0,0,0,0,0,0,0,0,0,0,0,0,0,0,0,0,0,0,0,0,0,0,0,0,0,0,0,0,0,0,0,0,0,0,0,0,0,0,0,0,0,0,0,0,0,0,0,0,0,0,0,0,0,0,0,0,0,0,0,0,0,0,0,0,0,0,0,0,0,0,0,0,0,0,0,0,0,0,0,0,0,0,0,0,0,0,0,0,0,0,0,0,0,0,0,0,0,0,0,0,0,0
68,11,chr11,5364530,chr11:5364530,frameshift,LOF,OR51B5,indel,OR,T,TG,1,0.007142857,0,0,0,0,0,0,0,0,0,0,0,0,0,0,0,0,0,0,0,0,0,0,0,0,0,NA,0,0,0,0,0,NA,0,NA,0,0,0,NA,0,0,0,0,0,0,0,1,0,NA,0,0,NA,0,0,NA,0,0,0,0,0,0,0,0,0,0,0,0,0,0,0,0,0,0,0,NA,NA,0,0,0,NA,0,0,0,0,0,0,0,0,0,0,0,0,0,0,0,0,0,0,0,0,0,NA,0,0,0,0,0,0,0,0,0,0,0,0,0,0,0,0,0,NA,0,0,NA,NA,0,0,0,0,0,0,0,0,0,0,0
76,11,chr11,5776715,chr11:5776715,frameshift,LOF,OR52N4,indel,OR,G,GCCAT,1,0.007142857,0,0,0,0,0,0,0,0,0,0,0,0,0,0,0,0,0,0,0,0,0,0,0,0,0,NA,0,0,0,0,0,0,0,0,0,0,0,NA,0,0,0,0,0,0,0,0,0,0,0,0,0,0,0,0,0,1,0,0,0,0,0,0,0,0,0,0,0,0,0,0,0,0,0,0,0,0,0,0,0,0,0,0,0,0,0,0,0,0,0,0,0,0,0,0,0,0,0,0,0,0,0,0,0,0,0,0,0,0,0,0,0,0,0,0,0,0,0,0,0,0,0,0,0,0,0,0,0,0,0,0,0,0,0,0
78,11,chr11,6173684,chr11:6173684,frameshift,LOF,OR52B1P,indel,OR,AG,A,1,0.007142857,0,0,0,0,0,0,0,0,0,0,0,0,0,1,0,0,0,0,0,0,0,0,0,0,0,0,0,0,0,0,0,0,0,0,0,0,0,0,0,0,0,0,0,0,0,0,0,0,0,0,0,0,0,NA,0,0,0,0,0,0,0,0,0,0,0,0,0,0,0,0,0,0,0,0,0,0,0,0,0,0,0,0,0,0,0,0,0,0,0,0,0,0,0,0,0,0,0,0,0,0,0,0,0,0,0,0,0,0,0,0,0,0,0,0,0,0,0,0,0,0,0,0,0,0,0,0,0,0,0,0,0,0,0,0
80,11,chr11,6816483,chr11:6816483,frameshift,LOF,OR6A2,indel,OR,AGCCAGCAGCC,A,1,0.007142857,0,0,0,0,0,0,0,0,0,0,0,1,0,0,0,0,0,0,0,0,0,0,0,0,0,0,0,0,0,0,0,0,0,0,0,0,0,NA,0,0,0,0,0,0,0,0,0,0,0,0,0,0,0,NA,0,0,0,0,0,0,0,0,0,0,0,0,0,0,0,0,0,0,0,NA,0,0,0,0,0,0,0,0,0,0,0,0,0,0,0,0,0,0,0,0,0,0,0,0,0,0,NA,0,0,0,0,0,0,0,0,0,0,0,0,0,0,0,0,0,0,0,0,NA,0,0,0,0,0,0,0,0,0,0,0,0
83,11,chr11,48239137,chr11:48239137,frameshift,LOF,OR4B1,indel,OR,CT,C,1,0.007142857,0,0,0,0,0,0,0,0,0,0,0,0,0,0,0,0,0,0,0,0,0,0,0,1,0,NA,0,0,0,0,0,0,0,0,0,0,0,0,0,0,0,0,0,0,0,0,0,0,0,0,0,0,0,0,0,0,0,0,0,0,0,0,0,0,0,0,0,0,0,0,0,0,0,0,0,0,0,0,0,0,0,0,0,0,0,0,0,0,0,0,0,0,0,0,0,0,0,0,0,0,0,0,0,0,0,0,0,0,0,0,0,0,0,0,0,0,0,0,0,0,0,0,0,0,0,0,0,0,0,0,0,0,0,0
85,11,chr11,55110944,chr11:55110944,frameshift,LOF,OR4A16,indel,OR,AT,A,1,0.007142857,0,0,0,0,0,0,0,0,0,0,0,0,0,1,0,0,0,0,0,0,0,0,0,0,0,NA,0,NA,0,0,0,0,0,NA,0,0,0,0,0,0,0,0,0,0,0,0,0,NA,0,0,0,0,0,NA,0,0,0,0,0,0,0,0,0,0,0,0,0,0,0,0,0,0,0,0,0,0,0,0,0,0,0,0,0,0,0,0,0,0,0,0,0,0,0,0,0,0,0,0,0,0,0,0,0,0,0,0,0,0,0,0,0,0,0,0,0,0,0,0,0,0,0,0,0,0,0,0,0,0,0,0,0,0,0,0
91,11,chr11,55594979,chr11:55594979,frameshift,LOF,OR5L2,indel,OR,AG,A,1,0.007142857,0,0,0,0,1,0,0,0,0,0,0,0,0,0,0,0,0,0,0,0,0,0,0,0,0,NA,0,0,0,0,0,0,0,NA,0,0,0,NA,NA,0,0,0,0,0,0,0,0,0,0,0,0,0,0,0,0,0,0,0,0,0,0,0,0,0,0,0,0,0,0,0,0,0,0,0,0,0,0,0,0,0,0,0,0,0,0,0,0,0,0,0,0,0,0,0,0,0,0,0,0,0,0,0,0,0,0,0,0,0,0,0,0,0,0,0,0,0,0,0,0,0,0,0,NA,0,0,0,0,0,0,0,0,0,0,0
92,11,chr11,55606810,chr11:55606810,frameshift,LOF,OR5D16,indel,OR,TATCTC,T,1,0.007142857,0,0,0,0,0,0,0,0,0,0,0,0,0,0,0,0,0,0,0,0,0,0,0,0,0,0,0,0,0,0,0,0,0,0,0,0,0,0,0,0,0,0,0,0,0,0,1,0,0,0,0,0,0,0,0,0,0,0,0,0,0,0,0,0,0,0,0,0,0,0,0,0,0,0,0,0,0,0,0,0,0,0,0,0,0,0,0,0,0,0,0,0,0,0,0,0,0,0,0,0,0,0,0,0,0,0,0,0,0,0,0,0,0,0,0,0,0,0,0,0,0,0,0,0,0,0,0,0,0,0,0,0,0,0
94,11,chr11,55703424,chr11:55703424,frameshift,LOF,OR5I1,indel,OR,GTA,G,1,0.007142857,0,0,0,0,0,0,0,0,0,0,0,0,0,0,0,1,0,0,0,0,0,0,0,0,0,0,0,0,0,0,0,0,0,NA,0,0,0,0,0,0,0,0,0,0,0,0,0,0,0,0,0,0,0,0,0,0,0,0,0,0,0,0,0,0,0,0,0,0,0,0,0,0,0,0,0,0,0,0,0,0,0,0,0,0,0,0,0,0,0,0,0,0,0,0,0,0,0,0,0,0,0,0,0,0,0,0,0,0,0,0,0,0,0,0,0,0,0,0,0,0,0,0,0,0,0,0,0,0,0,0,0,0,0,0
95,11,chr11,55761433,chr11:55761433,frameshift,LOF,OR5F1,indel,OR,GAA,G,1,0.007142857,0,0,0,0,0,0,0,0,0,0,0,0,0,0,0,0,0,0,1,0,0,0,0,0,0,NA,0,0,0,0,0,0,0,NA,0,0,0,NA,0,0,0,0,0,0,0,0,0,0,0,0,0,0,0,NA,0,0,NA,0,0,0,0,0,0,0,0,0,0,0,0,0,0,0,0,0,0,0,0,0,0,0,0,0,0,0,0,0,0,0,0,0,0,0,0,0,0,0,0,0,0,0,NA,0,0,0,0,0,0,0,0,0,0,0,0,0,0,0,0,0,0,0,0,NA,0,0,0,0,0,0,0,0,0,0,0,0
100,11,chr11,56237093,chr11:56237093,frameshift,LOF,OR5M3,indel,OR,TC,T,1,0.007142857,0,0,0,0,0,NA,0,0,0,0,0,0,0,0,0,0,0,0,0,0,1,0,0,0,0,0,0,NA,0,0,NA,NA,0,NA,0,0,0,NA,NA,0,0,0,0,0,0,0,0,0,0,NA,0,0,0,NA,NA,0,NA,0,0,0,0,0,0,0,0,0,0,0,0,0,0,0,0,NA,NA,0,0,0,0,0,NA,0,0,0,0,0,0,0,0,0,0,0,0,0,0,0,0,0,NA,0,NA,0,0,0,0,0,0,0,0,0,0,0,0,0,0,0,0,0,0,0,0,NA,0,0,0,NA,0,0,0,0,0,0,0,0
101,11,chr11,56344843,chr11:56344843,frameshift,LOF,OR5M10,indel,OR,CCATTGAAG,C,1,0.007142857,0,0,0,1,0,0,0,0,0,0,0,0,0,0,0,0,0,0,0,0,0,0,0,0,0,0,0,0,0,0,0,0,0,0,0,0,0,0,0,0,0,0,0,0,0,0,0,0,0,0,0,0,0,0,0,0,0,0,0,0,0,0,0,0,0,0,0,0,0,0,0,0,0,0,0,0,0,0,0,0,0,0,0,0,0,0,0,0,0,0,0,0,0,0,0,0,0,0,0,0,0,0,0,0,0,0,0,0,0,0,0,0,0,0,0,0,0,0,0,0,0,0,0,0,0,0,0,0,0,0,0,0,0,0
112,11,chr11,124135214,chr11:124135214,frameshift,LOF,OR8G5,indel,OR,CT,C,1,0.007142857,0,0,0,0,0,0,0,0,0,0,0,0,0,0,0,0,0,0,0,0,0,0,0,0,0,0,0,0,0,0,0,0,0,0,0,0,0,0,0,0,0,0,0,0,0,0,0,0,0,0,0,0,0,0,0,0,0,0,1,0,0,0,0,0,0,0,0,0,0,0,0,0,0,0,0,0,0,0,0,0,0,0,0,0,0,0,0,0,0,0,0,0,0,0,0,0,0,0,0,0,0,0,0,0,0,0,0,0,0,0,0,0,0,0,0,0,0,0,0,0,0,0,0,0,0,0,0,0,0,0,0,0,0,0
113,11,chr11,124135293,chr11:124135293,frameshift,LOF,OR8G5,indel,OR,GC,G,1,0.007142857,0,0,0,0,0,0,0,0,0,0,0,0,0,0,0,0,0,0,0,0,0,0,0,0,0,NA,0,0,0,0,0,0,0,0,0,0,0,0,NA,0,0,0,0,0,0,0,0,0,0,0,0,0,0,0,0,0,0,0,0,0,0,0,0,0,0,0,0,0,0,0,1,0,0,0,0,0,0,0,0,0,0,0,0,0,0,0,0,0,0,0,0,0,0,0,0,0,0,0,0,0,0,0,0,0,0,0,0,0,0,0,0,0,0,0,0,0,0,0,0,0,0,0,0,0,0,0,0,0,0,0,0,0,0,0
115,12,chr12,11091565,chr12:11091565,frameshift,LOF,TAS2R14,indel,TAS2,A,AT,1,0.007142857,0,0,0,0,1,0,0,0,0,0,0,0,0,0,0,0,0,0,0,0,0,0,0,0,0,0,0,0,0,0,0,0,0,0,0,0,0,0,0,0,0,0,0,0,0,0,0,0,0,0,0,0,0,0,0,0,0,0,0,0,0,0,0,0,0,0,0,0,0,0,0,0,0,0,0,0,0,0,0,0,0,0,0,0,0,0,0,0,0,0,0,0,0,0,0,0,0,0,0,0,0,0,0,0,0,0,0,0,0,0,0,0,0,0,0,0,0,0,0,0,0,NA,0,0,0,0,0,0,0,0,0,0,0,0
126,12,chr12,55615306,chr12:55615306,frameshift,LOF,OR10A7,indel,OR,TC,T,1,0.007142857,0,0,0,0,0,0,1,0,0,0,0,0,0,0,0,0,0,0,0,0,0,0,0,0,0,0,0,0,0,0,0,0,0,0,0,0,0,0,0,0,0,0,0,0,0,0,0,0,0,0,0,0,0,0,0,0,0,0,0,0,0,0,0,0,0,0,0,0,0,0,0,0,0,0,0,0,0,0,0,0,0,0,0,0,0,0,0,0,0,0,0,0,0,0,0,0,0,0,0,0,0,0,0,0,0,0,0,0,0,0,0,0,0,0,0,0,0,0,0,0,0,0,0,0,0,0,0,0,0,0,0,0,0,0
135,14,chr14,20403898,chr14:20403898,frameshift,LOF,OR4K1,indel,OR,C,CTT,1,0.007142857,0,0,0,0,0,0,0,0,0,0,0,0,0,0,0,0,0,0,0,0,0,0,0,0,0,0,0,0,0,0,0,0,0,0,0,0,0,0,0,0,0,0,0,0,0,1,0,0,0,0,0,0,0,0,0,0,0,0,0,0,0,0,0,0,0,0,0,0,0,0,0,0,0,0,0,0,0,0,0,0,0,0,0,0,0,0,0,0,0,0,0,0,0,0,0,0,0,0,0,0,0,0,0,0,0,0,0,0,0,0,0,0,0,0,0,0,0,0,0,0,0,0,0,0,0,0,0,0,0,0,0,0,0,0
143,14,chr14,21109367,chr14:21109367,frameshift,LOF,OR6S1,indel,OR,T,TG,1,0.007142857,0,0,NA,0,0,0,0,0,0,0,0,0,0,0,0,0,0,0,NA,0,0,0,0,0,0,NA,0,0,0,0,0,0,0,NA,0,0,0,NA,NA,0,0,0,0,0,0,0,0,0,0,0,NA,0,0,NA,0,0,NA,0,0,0,0,0,0,0,0,0,0,0,0,0,1,0,0,NA,NA,0,0,0,NA,0,0,0,0,0,0,0,0,0,0,0,0,0,0,0,0,0,0,0,0,0,0,NA,0,0,0,0,0,0,0,0,0,0,0,0,0,0,NA,0,0,0,0,NA,0,0,0,NA,0,0,0,0,0,0,0,0
189,1,chr1,6615467,chr1:6615467,stop_gained,LOF,TAS1R1,SNP,TAS1,C,T,1,0.007142857,0,0,0,0,0,NA,NA,0,0,0,0,0,0,1,0,0,0,0,NA,0,0,0,0,0,0,NA,0,NA,0,0,0,0,0,NA,0,0,0,NA,NA,0,0,0,0,0,0,0,0,NA,0,NA,NA,0,0,NA,0,NA,NA,0,NA,0,0,0,0,0,0,0,0,0,0,NA,0,0,0,NA,NA,0,NA,0,NA,0,NA,0,0,0,0,0,0,0,0,0,0,0,0,0,0,0,0,0,NA,NA,NA,0,0,0,0,0,0,0,0,0,0,0,NA,0,0,0,0,0,0,0,NA,NA,NA,0,0,0,0,0,0,0,NA,0,0,0
191,1,chr1,158517187,chr1:158517187,stop_gained,LOF,OR6Y1,SNP,OR,G,A,1,0.007142857,0,0,0,0,0,0,0,0,0,0,0,0,0,0,0,0,0,0,0,0,0,0,0,0,0,0,0,0,0,0,0,0,0,0,0,0,0,0,0,0,0,0,0,0,0,0,0,0,0,0,0,0,0,NA,0,0,0,0,0,0,1,NA,0,0,0,0,0,0,NA,0,0,0,0,0,0,0,0,0,0,0,0,0,0,0,0,0,0,0,0,0,0,0,0,0,0,0,0,0,0,0,0,0,0,0,0,0,0,0,0,0,0,0,0,0,0,0,0,0,0,0,0,0,0,0,0,0,0,0,0,0,0,0,0,0
194,1,chr1,158746612,chr1:158746612,stop_gained,LOF,OR6N2,SNP,OR,G,A,1,0.007142857,0,0,0,0,0,0,0,0,0,0,0,0,0,0,0,0,0,0,0,0,1,0,0,0,0,0,0,0,0,0,0,0,0,NA,0,0,0,0,0,0,0,0,0,0,0,0,0,0,0,0,0,0,0,NA,0,0,0,0,0,0,0,0,0,0,0,0,0,0,0,0,0,0,0,0,0,0,0,0,0,0,0,0,0,0,0,0,0,0,0,0,0,0,0,0,0,0,0,0,0,0,0,0,0,0,0,0,0,0,0,0,0,0,0,0,0,0,0,0,0,0,0,NA,0,0,0,0,0,0,0,0,0,0,0,0
195,1,chr1,247887172,chr1:247887172,stop_gained,LOF,OR14A2,SNP,OR,G,C,1,0.007142857,0,0,0,0,0,0,0,0,0,0,0,0,0,0,0,0,0,0,0,0,0,0,0,0,0,0,0,0,0,0,0,0,0,0,0,0,0,0,0,0,0,0,0,0,0,0,0,0,0,0,0,0,0,0,0,0,1,0,0,0,0,0,0,0,0,0,0,0,0,0,0,0,0,0,0,0,0,0,0,0,0,0,0,0,0,0,0,0,0,0,0,0,0,0,0,0,0,0,0,0,0,0,0,0,0,0,0,0,0,0,0,0,0,0,0,0,0,0,0,0,0,0,0,0,0,0,0,0,0,0,0,0,0,0
196,1,chr1,247901972,chr1:247901972,stop_gained,LOF,OR14K1,SNP,OR,G,A,1,0.007142857,0,0,0,0,0,0,1,0,0,0,0,0,0,0,0,0,0,0,0,0,0,0,0,0,0,0,0,0,0,0,0,0,0,0,0,0,0,0,0,0,0,0,0,0,0,0,0,0,0,0,0,0,0,0,0,0,0,0,0,0,0,0,0,0,0,0,0,0,0,0,0,0,0,0,0,0,0,0,0,0,0,0,0,0,0,0,0,0,0,0,0,0,0,0,0,0,0,0,0,0,0,0,0,0,0,0,0,0,0,0,0,0,0,0,0,0,0,0,0,0,0,0,0,0,0,0,0,0,0,0,0,0,0,0
199,1,chr1,248569892,chr1:248569892,stop_gained,LOF,OR2T1,SNP,OR,G,A,1,0.007142857,0,0,0,0,0,0,0,0,0,0,0,0,0,0,0,0,0,0,0,0,1,0,0,0,0,0,0,NA,0,0,0,0,0,0,0,0,0,0,0,0,0,0,0,0,0,0,0,NA,0,0,0,0,0,NA,0,0,0,0,0,0,0,0,0,0,0,0,0,0,0,0,0,0,0,0,0,0,0,0,0,0,0,0,0,0,0,0,0,0,0,0,0,0,0,0,0,0,0,0,0,0,0,0,0,0,0,0,0,0,0,0,0,0,0,0,0,0,0,0,0,0,0,0,0,0,0,0,0,0,0,0,0,0,0,0
203,3,chr3,97851762,chr3:97851762,stop_gained,LOF,OR5H1,SNP,OR,C,A,1,0.007142857,0,0,0,0,0,0,0,0,0,0,0,0,0,0,0,0,0,0,0,0,0,0,0,0,0,0,0,0,0,0,0,0,0,0,0,0,0,0,0,0,0,0,0,0,0,0,0,0,0,0,0,1,0,0,0,0,0,0,0,0,0,0,0,0,0,0,0,0,0,0,0,0,0,0,0,0,0,0,0,0,0,0,0,0,0,0,0,0,0,0,0,0,0,0,0,0,0,0,0,0,0,0,0,0,0,0,0,0,0,0,0,0,0,0,0,0,0,0,0,0,0,0,0,0,0,0,0,0,0,0,0,0,0,0
207,7,chr7,143141109,chr7:143141109,stop_gained,LOF,TAS2R60,SNP,TAS2,C,G,1,0.007142857,0,0,0,0,0,0,0,0,0,0,0,0,0,0,0,0,0,0,0,0,0,0,0,0,0,NA,1,0,0,0,0,0,0,0,0,0,0,0,0,0,0,0,0,0,0,0,0,0,0,0,0,0,0,0,0,0,0,0,0,0,0,0,0,0,0,0,0,0,0,0,0,0,0,NA,0,0,0,0,0,0,0,0,0,0,0,0,0,0,0,0,0,0,0,0,0,0,0,0,0,0,0,0,0,0,0,0,0,0,0,0,0,0,0,0,0,0,0,0,0,0,0,0,0,0,0,0,0,0,0,0,0,0,0,0
220,11,chr11,5842463,chr11:5842463,stop_gained,LOF,OR52N2,SNP,OR,A,T,1,0.007142857,0,0,0,0,0,0,0,0,0,0,0,0,0,0,0,0,0,0,0,0,0,0,0,0,0,0,0,0,0,0,0,0,0,0,0,0,0,1,0,0,0,0,0,0,0,0,0,0,0,0,0,0,0,0,0,0,0,0,0,0,0,0,0,0,0,0,0,0,0,0,0,0,0,0,0,0,0,0,0,0,0,0,0,0,0,0,0,0,0,0,0,0,0,0,0,0,0,0,0,0,0,0,0,0,0,0,0,0,0,0,0,0,0,0,0,0,0,0,0,0,0,0,0,0,0,0,0,0,0,0,0,0,0,0
252,12,chr12,11214032,chr12:11214032,stop_gained,LOF,TAS2R46,SNP,TAS2,G,A,1,0.007142857,0,0,0,0,0,0,0,0,0,0,0,0,0,0,0,0,0,0,0,0,0,0,0,0,0,0,0,0,0,0,0,0,0,0,0,0,0,0,0,0,0,0,0,0,0,0,0,0,0,0,0,0,0,0,0,1,0,0,0,0,0,0,0,0,0,0,0,0,0,0,0,0,0,0,0,0,0,0,0,0,0,0,0,0,0,0,0,0,0,0,0,0,0,0,0,0,0,0,0,0,0,0,0,0,0,0,0,0,0,0,0,0,0,0,0,0,0,0,0,0,0,0,0,0,0,0,0,0,0,0,0,0,0,0
258,14,chr14,20215649,chr14:20215649,stop_gained,LOF,OR4Q3,SNP,OR,G,A,1,0.007142857,0,0,0,0,1,0,0,0,0,0,0,0,0,0,0,0,0,0,0,0,0,0,0,0,0,0,0,0,0,0,0,0,0,0,0,0,0,0,0,0,0,0,0,0,0,0,0,0,0,0,0,0,0,0,0,0,0,0,0,0,0,0,0,0,0,0,0,0,0,0,0,0,0,0,0,0,0,0,0,0,0,0,0,0,0,0,0,0,0,0,0,0,0,0,0,0,0,0,0,0,0,0,0,0,0,0,0,0,0,0,0,0,0,0,0,0,0,0,0,0,0,0,0,0,0,0,0,0,0,0,0,0,0,0
261,14,chr14,20692799,chr14:20692799,stop_gained,LOF,OR11H6,SNP,OR,C,T,1,0.007142857,0,0,0,0,0,NA,NA,0,0,0,0,0,1,0,0,0,0,0,0,0,0,0,0,0,0,NA,0,NA,0,0,0,NA,0,NA,0,0,0,NA,NA,0,0,0,0,0,0,0,0,NA,0,NA,NA,0,0,NA,0,0,0,0,0,0,0,0,0,0,0,0,0,0,0,NA,0,0,0,NA,NA,0,0,0,0,0,NA,0,0,0,0,0,0,0,0,0,0,0,0,0,0,0,0,NA,0,NA,NA,0,0,0,0,0,0,0,0,0,0,0,0,0,0,0,0,0,0,NA,0,NA,NA,0,0,NA,0,0,0,0,0,0,0,0
262,14,chr14,20711121,chr14:20711121,stop_gained,LOF,OR11H4,SNP,OR,T,A,1,0.007142857,0,0,0,0,0,0,0,0,0,0,0,0,0,0,0,0,0,0,0,0,0,0,0,0,1,NA,0,NA,0,0,0,0,0,0,0,0,0,NA,0,0,0,0,0,0,0,0,0,0,0,NA,NA,0,0,NA,0,NA,0,0,0,0,0,0,0,0,0,0,0,0,0,0,0,0,0,0,0,0,0,0,0,0,0,0,0,0,0,0,0,0,0,0,0,0,0,0,0,0,0,0,0,0,0,0,NA,0,0,0,0,0,0,0,0,0,0,0,0,0,0,0,0,0,0,NA,0,0,0,0,0,0,0,0,0,0,0,0
268,19,chr19,111333,chr19:111333,stop_gained,LOF,OR4F17,SNP,OR,C,T,1,0.007142857,0,0,0,0,0,0,0,0,0,0,0,0,0,0,0,0,0,0,NA,0,0,0,0,1,0,0,0,NA,0,0,0,0,0,0,0,0,0,0,0,0,0,0,0,0,0,0,0,0,0,0,NA,0,0,0,0,0,0,0,0,0,0,0,0,0,0,0,0,0,0,0,0,0,0,NA,0,0,0,0,0,0,0,0,0,0,0,0,0,0,0,0,0,0,0,0,0,0,0,0,0,0,0,0,0,0,0,0,0,0,0,0,0,0,0,0,0,0,0,0,0,0,0,NA,0,0,0,0,0,0,0,0,0,0,0,0
271,19,chr19,9237263,chr19:9237263,stop_gained,LOF,OR7G3,SNP,OR,G,A,1,0.007142857,0,0,0,0,0,0,NA,0,0,0,0,0,0,0,0,0,0,0,0,0,0,0,0,0,0,NA,0,NA,0,0,0,NA,0,NA,0,0,0,0,0,0,0,0,0,0,0,0,0,0,0,0,NA,0,0,NA,0,1,0,0,0,0,0,0,0,0,0,0,0,0,0,0,0,0,0,NA,NA,0,0,0,0,0,0,0,0,0,0,0,0,0,0,0,0,0,0,0,0,0,0,0,0,0,0,0,0,0,0,0,0,0,0,0,0,0,0,0,0,0,0,0,NA,0,0,NA,0,0,0,0,0,0,0,0,NA,0,NA,0
272,19,chr19,9362465,chr19:9362465,stop_gained,LOF,OR7E24,SNP,OR,C,A,1,0.007142857,0,0,0,0,0,0,0,0,0,0,0,0,0,0,0,0,0,0,0,0,0,0,0,0,0,NA,0,NA,0,0,0,1,0,0,0,0,0,NA,0,0,0,0,0,0,0,0,0,0,0,0,0,0,0,NA,0,0,0,0,0,0,0,0,0,0,0,0,0,0,0,0,0,0,0,NA,0,0,0,0,0,0,0,0,0,0,0,0,0,0,0,0,0,0,0,0,0,0,0,0,0,0,0,0,0,0,0,0,0,0,0,0,0,0,0,0,0,0,0,0,0,0,0,NA,0,0,0,0,0,0,0,0,0,0,0,0
273,11,chr11,7846664,chr11:7846664,stop_gained,LOF,OR5P3,indel,OR,T,TGCTATAATTGCACACTTATTTTTC,1,0.007142857,0,0,0,0,0,0,0,0,0,0,0,0,0,0,0,0,0,0,0,0,0,0,0,1,0,NA,0,NA,0,0,0,0,0,NA,0,0,0,0,0,0,0,0,0,0,0,0,0,0,0,0,0,0,0,NA,0,0,0,0,0,0,0,0,0,0,0,0,0,0,0,0,0,0,0,NA,0,0,0,0,0,0,0,0,0,0,0,0,0,0,0,0,0,0,0,0,0,0,0,0,0,0,0,0,0,0,0,0,0,0,0,0,0,0,0,0,0,0,0,0,0,0,0,NA,0,0,0,0,0,0,0,0,0,0,0,0
223,11,chr11,6816619,chr11:6816619,stop_gained,LOF,OR6A2,SNP,OR,G,C,0,0,0,0,NA,0,0,0,0,0,0,0,0,0,0,0,0,0,0,0,0,0,0,0,0,0,0,NA,0,NA,0,0,0,0,0,NA,0,0,0,NA,0,0,0,0,0,0,0,0,0,NA,0,0,0,0,0,NA,0,0,NA,0,0,0,0,0,0,0,0,0,0,0,0,0,0,0,0,0,0,0,0,0,0,0,0,NA,0,0,0,0,0,0,0,0,0,0,0,0,0,0,0,0,0,0,0,0,0,0,0,0,0,0,0,0,0,0,0,0,0,0,0,0,NA,0,0,NA,0,0,0,0,0,0,0,0,0,0,0,0